DateTime,LCLid,energy_kwh,stdorToU,date,year,month,day,hour,day_of_week
2011-12-06T13:00:00.000+01:00,MAC000016,0.105,Std,2011-12-06,2011,12,6,13,Tuesday
2011-12-06T13:30:00.000+01:00,MAC000016,0.134,Std,2011-12-06,2011,12,6,13,Tuesday
2011-12-06T14:00:00.000+01:00,MAC000016,0.141,Std,2011-12-06,2011,12,6,14,Tuesday
2011-12-06T14:30:00.000+01:00,MAC000016,0.13,Std,2011-12-06,2011,12,6,14,Tuesday
2011-12-06T15:00:00.000+01:00,MAC000016,0.149,Std,2011-12-06,2011,12,6,15,Tuesday
2011-12-06T15:30:00.000+01:00,MAC000016,0.131,Std,2011-12-06,2011,12,6,15,Tuesday
2011-12-06T16:00:00.000+01:00,MAC000016,0.133,Std,2011-12-06,2011,12,6,16,Tuesday
2011-12-06T16:30:00.000+01:00,MAC000016,0.148,Std,2011-12-06,2011,12,6,16,Tuesday
2011-12-06T17:00:00.000+01:00,MAC000016,0.128,Std,2011-12-06,2011,12,6,17,Tuesday
2011-12-06T17:30:00.000+01:00,MAC000016,0.128,Std,2011-12-06,2011,12,6,17,Tuesday
2011-12-06T18:00:00.000+01:00,MAC000016,0.151,Std,2011-12-06,2011,12,6,18,Tuesday
2011-12-06T18:30:00.000+01:00,MAC000016,0.257,Std,2011-12-06,2011,12,6,18,Tuesday
2011-12-06T19:00:00.000+01:00,MAC000016,0.135,Std,2011-12-06,2011,12,6,19,Tuesday
2011-12-06T19:30:00.000+01:00,MAC000016,0.139,Std,2011-12-06,2011,12,6,19,Tuesday
2011-12-06T20:00:00.000+01:00,MAC000016,0.199,Std,2011-12-06,2011,12,6,20,Tuesday
2011-12-06T20:30:00.000+01:00,MAC000016,0.148,Std,2011-12-06,2011,12,6,20,Tuesday
2011-12-06T21:00:00.000+01:00,MAC000016,0.126,Std,2011-12-06,2011,12,6,21,Tuesday
2011-12-06T21:30:00.000+01:00,MAC000016,0.146,Std,2011-12-06,2011,12,6,21,Tuesday
2011-12-06T22:00:00.000+01:00,MAC000016,0.129,Std,2011-12-06,2011,12,6,22,Tuesday
2011-12-06T22:30:00.000+01:00,MAC000016,0.112,Std,2011-12-06,2011,12,6,22,Tuesday
2011-12-06T23:00:00.000+01:00,MAC000016,0.056,Std,2011-12-06,2011,12,6,23,Tuesday
2011-12-06T23:30:00.000+01:00,MAC000016,0.022,Std,2011-12-06,2011,12,6,23,Tuesday
2011-12-07T00:00:00.000+01:00,MAC000016,0.023,Std,2011-12-07,2011,12,7,0,Wednesday
2011-12-07T00:30:00.000+01:00,MAC000016,0.042,Std,2011-12-07,2011,12,7,0,Wednesday
2011-12-07T01:00:00.000+01:00,MAC000016,0.023,Std,2011-12-07,2011,12,7,1,Wednesday
2011-12-07T01:30:00.000+01:00,MAC000016,0.032,Std,2011-12-07,2011,12,7,1,Wednesday
2011-12-07T02:00:00.000+01:00,MAC000016,0.035,Std,2011-12-07,2011,12,7,2,Wednesday
2011-12-07T02:30:00.000+01:00,MAC000016,0.021,Std,2011-12-07,2011,12,7,2,Wednesday
2011-12-07T03:00:00.000+01:00,MAC000016,0.043,Std,2011-12-07,2011,12,7,3,Wednesday
2011-12-07T03:30:00.000+01:00,MAC000016,0.034,Std,2011-12-07,2011,12,7,3,Wednesday
2011-12-07T04:00:00.000+01:00,MAC000016,0.022,Std,2011-12-07,2011,12,7,4,Wednesday
2011-12-07T04:30:00.000+01:00,MAC000016,0.037,Std,2011-12-07,2011,12,7,4,Wednesday
2011-12-07T05:00:00.000+01:00,MAC000016,0.028,Std,2011-12-07,2011,12,7,5,Wednesday
2011-12-07T05:30:00.000+01:00,MAC000016,0.022,Std,2011-12-07,2011,12,7,5,Wednesday
2011-12-07T06:00:00.000+01:00,MAC000016,0.046,Std,2011-12-07,2011,12,7,6,Wednesday
2011-12-07T06:30:00.000+01:00,MAC000016,0.07,Std,2011-12-07,2011,12,7,6,Wednesday
2011-12-07T07:00:00.000+01:00,MAC000016,0.059,Std,2011-12-07,2011,12,7,7,Wednesday
2011-12-07T07:30:00.000+01:00,MAC000016,0.086,Std,2011-12-07,2011,12,7,7,Wednesday
2011-12-07T08:00:00.000+01:00,MAC000016,0.218,Std,2011-12-07,2011,12,7,8,Wednesday
2011-12-07T08:30:00.000+01:00,MAC000016,0.154,Std,2011-12-07,2011,12,7,8,Wednesday
2011-12-07T09:00:00.000+01:00,MAC000016,0.194,Std,2011-12-07,2011,12,7,9,Wednesday
2011-12-07T09:30:00.000+01:00,MAC000016,0.174,Std,2011-12-07,2011,12,7,9,Wednesday
2011-12-07T09:30:00.000+01:00,MAC000018,0.303,Std,2011-12-07,2011,12,7,9,Wednesday
2011-12-07T09:30:00.000+01:00,MAC000020,0.275,Std,2011-12-07,2011,12,7,9,Wednesday
2011-12-07T10:00:00.000+01:00,MAC000016,0.115,Std,2011-12-07,2011,12,7,10,Wednesday
2011-12-07T10:00:00.000+01:00,MAC000018,0.2,Std,2011-12-07,2011,12,7,10,Wednesday
2011-12-07T10:00:00.000+01:00,MAC000020,0.231,Std,2011-12-07,2011,12,7,10,Wednesday
2011-12-07T10:00:00.000+01:00,MAC000021,0.491,Std,2011-12-07,2011,12,7,10,Wednesday
2011-12-07T10:00:00.000+01:00,MAC000022,0.255,Std,2011-12-07,2011,12,7,10,Wednesday
2011-12-07T10:30:00.000+01:00,MAC000016,0.165,Std,2011-12-07,2011,12,7,10,Wednesday
2011-12-07T10:30:00.000+01:00,MAC000018,0.218,Std,2011-12-07,2011,12,7,10,Wednesday
2011-12-07T10:30:00.000+01:00,MAC000020,0.204,Std,2011-12-07,2011,12,7,10,Wednesday
2011-12-07T10:30:00.000+01:00,MAC000021,0.346,Std,2011-12-07,2011,12,7,10,Wednesday
2011-12-07T10:30:00.000+01:00,MAC000022,0.278,Std,2011-12-07,2011,12,7,10,Wednesday
2011-12-07T10:30:00.000+01:00,MAC000023,0.54,Std,2011-12-07,2011,12,7,10,Wednesday
2011-12-07T11:00:00.000+01:00,MAC000016,0.482,Std,2011-12-07,2011,12,7,11,Wednesday
2011-12-07T11:00:00.000+01:00,MAC000018,0.209,Std,2011-12-07,2011,12,7,11,Wednesday
2011-12-07T11:00:00.000+01:00,MAC000020,0.194,Std,2011-12-07,2011,12,7,11,Wednesday
2011-12-07T11:00:00.000+01:00,MAC000021,0.473,Std,2011-12-07,2011,12,7,11,Wednesday
2011-12-07T11:00:00.000+01:00,MAC000022,0.268,Std,2011-12-07,2011,12,7,11,Wednesday
2011-12-07T11:00:00.000+01:00,MAC000023,0.863,Std,2011-12-07,2011,12,7,11,Wednesday
2011-12-07T11:00:00.000+01:00,MAC000024,0.599,Std,2011-12-07,2011,12,7,11,Wednesday
2011-12-07T11:00:00.000+01:00,MAC000025,0.171,Std,2011-12-07,2011,12,7,11,Wednesday
2011-12-07T11:00:00.000+01:00,MAC000026,0.611,Std,2011-12-07,2011,12,7,11,Wednesday
2011-12-07T11:30:00.000+01:00,MAC000016,0.173,Std,2011-12-07,2011,12,7,11,Wednesday
2011-12-07T11:30:00.000+01:00,MAC000018,0.21,Std,2011-12-07,2011,12,7,11,Wednesday
2011-12-07T11:30:00.000+01:00,MAC000020,0.317,Std,2011-12-07,2011,12,7,11,Wednesday
2011-12-07T11:30:00.000+01:00,MAC000021,0.456,Std,2011-12-07,2011,12,7,11,Wednesday
2011-12-07T11:30:00.000+01:00,MAC000022,0.185,Std,2011-12-07,2011,12,7,11,Wednesday
2011-12-07T11:30:00.000+01:00,MAC000023,0.475,Std,2011-12-07,2011,12,7,11,Wednesday
2011-12-07T11:30:00.000+01:00,MAC000024,0.655,Std,2011-12-07,2011,12,7,11,Wednesday
2011-12-07T11:30:00.000+01:00,MAC000025,0.057,Std,2011-12-07,2011,12,7,11,Wednesday
2011-12-07T11:30:00.000+01:00,MAC000026,0.746,Std,2011-12-07,2011,12,7,11,Wednesday
2011-12-07T11:30:00.000+01:00,MAC000027,0.185,Std,2011-12-07,2011,12,7,11,Wednesday
2011-12-07T11:30:00.000+01:00,MAC000028,0.127,Std,2011-12-07,2011,12,7,11,Wednesday
2011-12-07T11:30:00.000+01:00,MAC000029,0.07,Std,2011-12-07,2011,12,7,11,Wednesday
2011-12-07T11:30:00.000+01:00,MAC000030,0.398,Std,2011-12-07,2011,12,7,11,Wednesday
2011-12-07T12:00:00.000+01:00,MAC000016,0.318,Std,2011-12-07,2011,12,7,12,Wednesday
2011-12-07T12:00:00.000+01:00,MAC000018,0.238,Std,2011-12-07,2011,12,7,12,Wednesday
2011-12-07T12:00:00.000+01:00,MAC000020,0.163,Std,2011-12-07,2011,12,7,12,Wednesday
2011-12-07T12:00:00.000+01:00,MAC000021,0.432,Std,2011-12-07,2011,12,7,12,Wednesday
2011-12-07T12:00:00.000+01:00,MAC000022,0.186,Std,2011-12-07,2011,12,7,12,Wednesday
2011-12-07T12:00:00.000+01:00,MAC000023,0.495,Std,2011-12-07,2011,12,7,12,Wednesday
2011-12-07T12:00:00.000+01:00,MAC000024,0.502,Std,2011-12-07,2011,12,7,12,Wednesday
2011-12-07T12:00:00.000+01:00,MAC000025,0.057,Std,2011-12-07,2011,12,7,12,Wednesday
2011-12-07T12:00:00.000+01:00,MAC000026,0.684,Std,2011-12-07,2011,12,7,12,Wednesday
2011-12-07T12:00:00.000+01:00,MAC000027,0.155,Std,2011-12-07,2011,12,7,12,Wednesday
2011-12-07T12:00:00.000+01:00,MAC000028,0.109,Std,2011-12-07,2011,12,7,12,Wednesday
2011-12-07T12:00:00.000+01:00,MAC000029,0.025,Std,2011-12-07,2011,12,7,12,Wednesday
2011-12-07T12:00:00.000+01:00,MAC000030,0.578,Std,2011-12-07,2011,12,7,12,Wednesday
2011-12-07T12:30:00.000+01:00,MAC000016,0.36,Std,2011-12-07,2011,12,7,12,Wednesday
2011-12-07T12:30:00.000+01:00,MAC000018,0.439,Std,2011-12-07,2011,12,7,12,Wednesday
2011-12-07T12:30:00.000+01:00,MAC000020,0.111,Std,2011-12-07,2011,12,7,12,Wednesday
2011-12-07T12:30:00.000+01:00,MAC000021,0.498,Std,2011-12-07,2011,12,7,12,Wednesday
2011-12-07T12:30:00.000+01:00,MAC000022,0.232,Std,2011-12-07,2011,12,7,12,Wednesday
2011-12-07T12:30:00.000+01:00,MAC000023,0.341,Std,2011-12-07,2011,12,7,12,Wednesday
2011-12-07T12:30:00.000+01:00,MAC000024,0.537,Std,2011-12-07,2011,12,7,12,Wednesday
2011-12-07T12:30:00.000+01:00,MAC000025,0.072,Std,2011-12-07,2011,12,7,12,Wednesday
2011-12-07T12:30:00.000+01:00,MAC000026,0.315,Std,2011-12-07,2011,12,7,12,Wednesday
2011-12-07T12:30:00.000+01:00,MAC000027,0.147,Std,2011-12-07,2011,12,7,12,Wednesday
2011-12-07T12:30:00.000+01:00,MAC000028,0.08,Std,2011-12-07,2011,12,7,12,Wednesday
2011-12-07T12:30:00.000+01:00,MAC000029,0.011,Std,2011-12-07,2011,12,7,12,Wednesday
2011-12-07T12:30:00.000+01:00,MAC000030,0.049,Std,2011-12-07,2011,12,7,12,Wednesday
2011-12-07T12:30:00.000+01:00,MAC000032,0.462,Std,2011-12-07,2011,12,7,12,Wednesday
2011-12-07T13:00:00.000+01:00,MAC000016,0.144,Std,2011-12-07,2011,12,7,13,Wednesday
2011-12-07T13:00:00.000+01:00,MAC000018,0.983,Std,2011-12-07,2011,12,7,13,Wednesday
2011-12-07T13:00:00.000+01:00,MAC000020,0.295,Std,2011-12-07,2011,12,7,13,Wednesday
2011-12-07T13:00:00.000+01:00,MAC000021,0.453,Std,2011-12-07,2011,12,7,13,Wednesday
2011-12-07T13:00:00.000+01:00,MAC000022,0.25,Std,2011-12-07,2011,12,7,13,Wednesday
2011-12-07T13:00:00.000+01:00,MAC000023,0.625,Std,2011-12-07,2011,12,7,13,Wednesday
2011-12-07T13:00:00.000+01:00,MAC000024,0.645,Std,2011-12-07,2011,12,7,13,Wednesday
2011-12-07T13:00:00.000+01:00,MAC000025,0.0,Std,2011-12-07,2011,12,7,13,Wednesday
2011-12-07T13:00:00.000+01:00,MAC000026,0.287,Std,2011-12-07,2011,12,7,13,Wednesday
2011-12-07T13:00:00.000+01:00,MAC000027,0.164,Std,2011-12-07,2011,12,7,13,Wednesday
2011-12-07T13:00:00.000+01:00,MAC000028,0.075,Std,2011-12-07,2011,12,7,13,Wednesday
2011-12-07T13:00:00.000+01:00,MAC000029,0.014,Std,2011-12-07,2011,12,7,13,Wednesday
2011-12-07T13:00:00.000+01:00,MAC000030,0.081,Std,2011-12-07,2011,12,7,13,Wednesday
2011-12-07T13:00:00.000+01:00,MAC000032,0.645,Std,2011-12-07,2011,12,7,13,Wednesday
2011-12-07T13:00:00.000+01:00,MAC000033,0.175,Std,2011-12-07,2011,12,7,13,Wednesday
2011-12-07T13:00:00.000+01:00,MAC000034,0.297,Std,2011-12-07,2011,12,7,13,Wednesday
2011-12-07T13:00:00.000+01:00,MAC000035,0.438,Std,2011-12-07,2011,12,7,13,Wednesday
2011-12-07T13:30:00.000+01:00,MAC000016,0.155,Std,2011-12-07,2011,12,7,13,Wednesday
2011-12-07T13:30:00.000+01:00,MAC000018,0.352,Std,2011-12-07,2011,12,7,13,Wednesday
2011-12-07T13:30:00.000+01:00,MAC000020,0.189,Std,2011-12-07,2011,12,7,13,Wednesday
2011-12-07T13:30:00.000+01:00,MAC000021,0.419,Std,2011-12-07,2011,12,7,13,Wednesday
2011-12-07T13:30:00.000+01:00,MAC000022,0.176,Std,2011-12-07,2011,12,7,13,Wednesday
2011-12-07T13:30:00.000+01:00,MAC000023,0.505,Std,2011-12-07,2011,12,7,13,Wednesday
2011-12-07T13:30:00.000+01:00,MAC000024,1.035,Std,2011-12-07,2011,12,7,13,Wednesday
2011-12-07T13:30:00.000+01:00,MAC000025,0.0,Std,2011-12-07,2011,12,7,13,Wednesday
2011-12-07T13:30:00.000+01:00,MAC000026,0.196,Std,2011-12-07,2011,12,7,13,Wednesday
2011-12-07T13:30:00.000+01:00,MAC000027,0.187,Std,2011-12-07,2011,12,7,13,Wednesday
2011-12-07T13:30:00.000+01:00,MAC000028,0.086,Std,2011-12-07,2011,12,7,13,Wednesday
2011-12-07T13:30:00.000+01:00,MAC000029,0.032,Std,2011-12-07,2011,12,7,13,Wednesday
2011-12-07T13:30:00.000+01:00,MAC000030,0.094,Std,2011-12-07,2011,12,7,13,Wednesday
2011-12-07T13:30:00.000+01:00,MAC000032,0.037,Std,2011-12-07,2011,12,7,13,Wednesday
2011-12-07T13:30:00.000+01:00,MAC000033,0.123,Std,2011-12-07,2011,12,7,13,Wednesday
2011-12-07T13:30:00.000+01:00,MAC000034,0.2,Std,2011-12-07,2011,12,7,13,Wednesday
2011-12-07T13:30:00.000+01:00,MAC000035,1.646,Std,2011-12-07,2011,12,7,13,Wednesday
2011-12-07T14:00:00.000+01:00,MAC000016,0.117,Std,2011-12-07,2011,12,7,14,Wednesday
2011-12-07T14:00:00.000+01:00,MAC000018,0.279,Std,2011-12-07,2011,12,7,14,Wednesday
2011-12-07T14:00:00.000+01:00,MAC000020,0.093,Std,2011-12-07,2011,12,7,14,Wednesday
2011-12-07T14:00:00.000+01:00,MAC000021,0.479,Std,2011-12-07,2011,12,7,14,Wednesday
2011-12-07T14:00:00.000+01:00,MAC000022,0.289,Std,2011-12-07,2011,12,7,14,Wednesday
2011-12-07T14:00:00.000+01:00,MAC000023,0.371,Std,2011-12-07,2011,12,7,14,Wednesday
2011-12-07T14:00:00.000+01:00,MAC000024,1.665,Std,2011-12-07,2011,12,7,14,Wednesday
2011-12-07T14:00:00.000+01:00,MAC000025,0.025,Std,2011-12-07,2011,12,7,14,Wednesday
2011-12-07T14:00:00.000+01:00,MAC000026,0.143,Std,2011-12-07,2011,12,7,14,Wednesday
2011-12-07T14:00:00.000+01:00,MAC000027,0.118,Std,2011-12-07,2011,12,7,14,Wednesday
2011-12-07T14:00:00.000+01:00,MAC000028,0.069,Std,2011-12-07,2011,12,7,14,Wednesday
2011-12-07T14:00:00.000+01:00,MAC000029,0.061,Std,2011-12-07,2011,12,7,14,Wednesday
2011-12-07T14:00:00.000+01:00,MAC000030,0.048,Std,2011-12-07,2011,12,7,14,Wednesday
2011-12-07T14:00:00.000+01:00,MAC000032,0.048,Std,2011-12-07,2011,12,7,14,Wednesday
2011-12-07T14:00:00.000+01:00,MAC000033,0.063,Std,2011-12-07,2011,12,7,14,Wednesday
2011-12-07T14:00:00.000+01:00,MAC000035,1.494,Std,2011-12-07,2011,12,7,14,Wednesday
2011-12-07T14:00:00.000+01:00,MAC000034,0.148,Std,2011-12-07,2011,12,7,14,Wednesday
2011-12-07T14:30:00.000+01:00,MAC000016,0.132,Std,2011-12-07,2011,12,7,14,Wednesday
2011-12-07T14:30:00.000+01:00,MAC000018,0.355,Std,2011-12-07,2011,12,7,14,Wednesday
2011-12-07T14:30:00.000+01:00,MAC000020,0.095,Std,2011-12-07,2011,12,7,14,Wednesday
2011-12-07T14:30:00.000+01:00,MAC000021,0.412,Std,2011-12-07,2011,12,7,14,Wednesday
2011-12-07T14:30:00.000+01:00,MAC000022,0.189,Std,2011-12-07,2011,12,7,14,Wednesday
2011-12-07T14:30:00.000+01:00,MAC000023,0.299,Std,2011-12-07,2011,12,7,14,Wednesday
2011-12-07T14:30:00.000+01:00,MAC000024,1.452,Std,2011-12-07,2011,12,7,14,Wednesday
2011-12-07T14:30:00.000+01:00,MAC000025,0.0,Std,2011-12-07,2011,12,7,14,Wednesday
2011-12-07T14:30:00.000+01:00,MAC000026,0.186,Std,2011-12-07,2011,12,7,14,Wednesday
2011-12-07T14:30:00.000+01:00,MAC000027,0.114,Std,2011-12-07,2011,12,7,14,Wednesday
2011-12-07T14:30:00.000+01:00,MAC000028,0.07,Std,2011-12-07,2011,12,7,14,Wednesday
2011-12-07T14:30:00.000+01:00,MAC000029,0.059,Std,2011-12-07,2011,12,7,14,Wednesday
2011-12-07T14:30:00.000+01:00,MAC000030,0.101,Std,2011-12-07,2011,12,7,14,Wednesday
2011-12-07T14:30:00.000+01:00,MAC000032,0.021,Std,2011-12-07,2011,12,7,14,Wednesday
2011-12-07T14:30:00.000+01:00,MAC000033,0.042,Std,2011-12-07,2011,12,7,14,Wednesday
2011-12-07T14:30:00.000+01:00,MAC000035,1.154,Std,2011-12-07,2011,12,7,14,Wednesday
2011-12-07T14:30:00.000+01:00,MAC000034,0.116,Std,2011-12-07,2011,12,7,14,Wednesday
2011-12-07T15:00:00.000+01:00,MAC000019,0.201,Std,2011-12-07,2011,12,7,15,Wednesday
2011-12-07T15:00:00.000+01:00,MAC000016,0.14,Std,2011-12-07,2011,12,7,15,Wednesday
2011-12-07T15:00:00.000+01:00,MAC000018,0.279,Std,2011-12-07,2011,12,7,15,Wednesday
2011-12-07T15:00:00.000+01:00,MAC000020,0.076,Std,2011-12-07,2011,12,7,15,Wednesday
2011-12-07T15:00:00.000+01:00,MAC000021,0.484,Std,2011-12-07,2011,12,7,15,Wednesday
2011-12-07T15:00:00.000+01:00,MAC000022,0.188,Std,2011-12-07,2011,12,7,15,Wednesday
2011-12-07T15:00:00.000+01:00,MAC000023,0.098,Std,2011-12-07,2011,12,7,15,Wednesday
2011-12-07T15:00:00.000+01:00,MAC000024,1.4069999,Std,2011-12-07,2011,12,7,15,Wednesday
2011-12-07T15:00:00.000+01:00,MAC000025,0.0,Std,2011-12-07,2011,12,7,15,Wednesday
2011-12-07T15:00:00.000+01:00,MAC000026,0.182,Std,2011-12-07,2011,12,7,15,Wednesday
2011-12-07T15:00:00.000+01:00,MAC000027,0.135,Std,2011-12-07,2011,12,7,15,Wednesday
2011-12-07T15:00:00.000+01:00,MAC000028,0.053,Std,2011-12-07,2011,12,7,15,Wednesday
2011-12-07T15:00:00.000+01:00,MAC000029,0.419,Std,2011-12-07,2011,12,7,15,Wednesday
2011-12-07T15:00:00.000+01:00,MAC000030,0.137,Std,2011-12-07,2011,12,7,15,Wednesday
2011-12-07T15:00:00.000+01:00,MAC000032,0.692,Std,2011-12-07,2011,12,7,15,Wednesday
2011-12-07T15:00:00.000+01:00,MAC000033,0.057,Std,2011-12-07,2011,12,7,15,Wednesday
2011-12-07T15:00:00.000+01:00,MAC000035,0.585,Std,2011-12-07,2011,12,7,15,Wednesday
2011-12-07T15:00:00.000+01:00,MAC000034,0.109,Std,2011-12-07,2011,12,7,15,Wednesday
2011-12-07T15:00:00.000+01:00,MAC000036,0.083,Std,2011-12-07,2011,12,7,15,Wednesday
2011-12-07T15:30:00.000+01:00,MAC000016,0.106,Std,2011-12-07,2011,12,7,15,Wednesday
2011-12-07T15:30:00.000+01:00,MAC000018,0.196,Std,2011-12-07,2011,12,7,15,Wednesday
2011-12-07T15:30:00.000+01:00,MAC000019,0.19,Std,2011-12-07,2011,12,7,15,Wednesday
2011-12-07T15:30:00.000+01:00,MAC000020,0.097,Std,2011-12-07,2011,12,7,15,Wednesday
2011-12-07T15:30:00.000+01:00,MAC000021,0.42,Std,2011-12-07,2011,12,7,15,Wednesday
2011-12-07T15:30:00.000+01:00,MAC000022,0.179,Std,2011-12-07,2011,12,7,15,Wednesday
2011-12-07T15:30:00.000+01:00,MAC000023,0.109,Std,2011-12-07,2011,12,7,15,Wednesday
2011-12-07T15:30:00.000+01:00,MAC000024,1.304,Std,2011-12-07,2011,12,7,15,Wednesday
2011-12-07T15:30:00.000+01:00,MAC000025,0.027,Std,2011-12-07,2011,12,7,15,Wednesday
2011-12-07T15:30:00.000+01:00,MAC000026,0.176,Std,2011-12-07,2011,12,7,15,Wednesday
2011-12-07T15:30:00.000+01:00,MAC000027,0.138,Std,2011-12-07,2011,12,7,15,Wednesday
2011-12-07T15:30:00.000+01:00,MAC000028,0.07,Std,2011-12-07,2011,12,7,15,Wednesday
2011-12-07T15:30:00.000+01:00,MAC000029,1.166,Std,2011-12-07,2011,12,7,15,Wednesday
2011-12-07T15:30:00.000+01:00,MAC000030,0.175,Std,2011-12-07,2011,12,7,15,Wednesday
2011-12-07T15:30:00.000+01:00,MAC000032,0.533,Std,2011-12-07,2011,12,7,15,Wednesday
2011-12-07T15:30:00.000+01:00,MAC000033,0.113,Std,2011-12-07,2011,12,7,15,Wednesday
2011-12-07T15:30:00.000+01:00,MAC000034,0.123,Std,2011-12-07,2011,12,7,15,Wednesday
2011-12-07T15:30:00.000+01:00,MAC000035,1.341,Std,2011-12-07,2011,12,7,15,Wednesday
2011-12-07T15:30:00.000+01:00,MAC000036,0.055,Std,2011-12-07,2011,12,7,15,Wednesday
2011-12-07T16:00:00.000+01:00,MAC000016,0.093,Std,2011-12-07,2011,12,7,16,Wednesday
2011-12-07T16:00:00.000+01:00,MAC000018,0.177,Std,2011-12-07,2011,12,7,16,Wednesday
2011-12-07T16:00:00.000+01:00,MAC000019,0.165,Std,2011-12-07,2011,12,7,16,Wednesday
2011-12-07T16:00:00.000+01:00,MAC000020,0.2,Std,2011-12-07,2011,12,7,16,Wednesday
2011-12-07T16:00:00.000+01:00,MAC000021,0.527,Std,2011-12-07,2011,12,7,16,Wednesday
2011-12-07T16:00:00.000+01:00,MAC000022,0.178,Std,2011-12-07,2011,12,7,16,Wednesday
2011-12-07T16:00:00.000+01:00,MAC000023,0.129,Std,2011-12-07,2011,12,7,16,Wednesday
2011-12-07T16:00:00.000+01:00,MAC000024,0.264,Std,2011-12-07,2011,12,7,16,Wednesday
2011-12-07T16:00:00.000+01:00,MAC000025,0.0,Std,2011-12-07,2011,12,7,16,Wednesday
2011-12-07T16:00:00.000+01:00,MAC000026,0.219,Std,2011-12-07,2011,12,7,16,Wednesday
2011-12-07T16:00:00.000+01:00,MAC000027,0.107,Std,2011-12-07,2011,12,7,16,Wednesday
2011-12-07T16:00:00.000+01:00,MAC000028,0.112,Std,2011-12-07,2011,12,7,16,Wednesday
2011-12-07T16:00:00.000+01:00,MAC000029,0.639,Std,2011-12-07,2011,12,7,16,Wednesday
2011-12-07T16:00:00.000+01:00,MAC000030,0.114,Std,2011-12-07,2011,12,7,16,Wednesday
2011-12-07T16:00:00.000+01:00,MAC000032,0.083,Std,2011-12-07,2011,12,7,16,Wednesday
2011-12-07T16:00:00.000+01:00,MAC000033,0.084,Std,2011-12-07,2011,12,7,16,Wednesday
2011-12-07T16:00:00.000+01:00,MAC000035,1.048,Std,2011-12-07,2011,12,7,16,Wednesday
2011-12-07T16:00:00.000+01:00,MAC000034,0.091,Std,2011-12-07,2011,12,7,16,Wednesday
2011-12-07T16:00:00.000+01:00,MAC000036,0.043,Std,2011-12-07,2011,12,7,16,Wednesday
2011-12-07T16:00:00.000+01:00,MAC000037,0.0,Std,2011-12-07,2011,12,7,16,Wednesday
2011-12-07T16:30:00.000+01:00,MAC000016,0.131,Std,2011-12-07,2011,12,7,16,Wednesday
2011-12-07T16:30:00.000+01:00,MAC000018,0.319,Std,2011-12-07,2011,12,7,16,Wednesday
2011-12-07T16:30:00.000+01:00,MAC000019,0.159,Std,2011-12-07,2011,12,7,16,Wednesday
2011-12-07T16:30:00.000+01:00,MAC000020,0.132,Std,2011-12-07,2011,12,7,16,Wednesday
2011-12-07T16:30:00.000+01:00,MAC000021,0.671,Std,2011-12-07,2011,12,7,16,Wednesday
2011-12-07T16:30:00.000+01:00,MAC000022,0.317,Std,2011-12-07,2011,12,7,16,Wednesday
2011-12-07T16:30:00.000+01:00,MAC000023,0.206,Std,2011-12-07,2011,12,7,16,Wednesday
2011-12-07T16:30:00.000+01:00,MAC000024,0.083,Std,2011-12-07,2011,12,7,16,Wednesday
2011-12-07T16:30:00.000+01:00,MAC000025,0.0,Std,2011-12-07,2011,12,7,16,Wednesday
2011-12-07T16:30:00.000+01:00,MAC000026,0.504,Std,2011-12-07,2011,12,7,16,Wednesday
2011-12-07T16:30:00.000+01:00,MAC000027,0.127,Std,2011-12-07,2011,12,7,16,Wednesday
2011-12-07T16:30:00.000+01:00,MAC000028,0.128,Std,2011-12-07,2011,12,7,16,Wednesday
2011-12-07T16:30:00.000+01:00,MAC000029,0.057,Std,2011-12-07,2011,12,7,16,Wednesday
2011-12-07T16:30:00.000+01:00,MAC000030,0.088,Std,2011-12-07,2011,12,7,16,Wednesday
2011-12-07T16:30:00.000+01:00,MAC000032,0.073,Std,2011-12-07,2011,12,7,16,Wednesday
2011-12-07T16:30:00.000+01:00,MAC000033,0.047,Std,2011-12-07,2011,12,7,16,Wednesday
2011-12-07T16:30:00.000+01:00,MAC000034,0.039,Std,2011-12-07,2011,12,7,16,Wednesday
2011-12-07T16:30:00.000+01:00,MAC000036,0.267,Std,2011-12-07,2011,12,7,16,Wednesday
2011-12-07T16:30:00.000+01:00,MAC000035,1.02,Std,2011-12-07,2011,12,7,16,Wednesday
2011-12-07T16:30:00.000+01:00,MAC000037,0.0,Std,2011-12-07,2011,12,7,16,Wednesday
2011-12-07T17:00:00.000+01:00,MAC000016,0.126,Std,2011-12-07,2011,12,7,17,Wednesday
2011-12-07T17:00:00.000+01:00,MAC000018,0.462,Std,2011-12-07,2011,12,7,17,Wednesday
2011-12-07T17:00:00.000+01:00,MAC000019,0.241,Std,2011-12-07,2011,12,7,17,Wednesday
2011-12-07T17:00:00.000+01:00,MAC000020,0.204,Std,2011-12-07,2011,12,7,17,Wednesday
2011-12-07T17:00:00.000+01:00,MAC000021,0.541,Std,2011-12-07,2011,12,7,17,Wednesday
2011-12-07T17:00:00.000+01:00,MAC000022,0.252,Std,2011-12-07,2011,12,7,17,Wednesday
2011-12-07T17:00:00.000+01:00,MAC000023,0.359,Std,2011-12-07,2011,12,7,17,Wednesday
2011-12-07T17:00:00.000+01:00,MAC000024,0.052,Std,2011-12-07,2011,12,7,17,Wednesday
2011-12-07T17:00:00.000+01:00,MAC000025,0.027,Std,2011-12-07,2011,12,7,17,Wednesday
2011-12-07T17:00:00.000+01:00,MAC000026,0.465,Std,2011-12-07,2011,12,7,17,Wednesday
2011-12-07T17:00:00.000+01:00,MAC000027,0.119,Std,2011-12-07,2011,12,7,17,Wednesday
2011-12-07T17:00:00.000+01:00,MAC000028,0.131,Std,2011-12-07,2011,12,7,17,Wednesday
2011-12-07T17:00:00.000+01:00,MAC000029,0.038,Std,2011-12-07,2011,12,7,17,Wednesday
2011-12-07T17:00:00.000+01:00,MAC000030,0.062,Std,2011-12-07,2011,12,7,17,Wednesday
2011-12-07T17:00:00.000+01:00,MAC000032,0.086,Std,2011-12-07,2011,12,7,17,Wednesday
2011-12-07T17:00:00.000+01:00,MAC000033,0.038,Std,2011-12-07,2011,12,7,17,Wednesday
2011-12-07T17:00:00.000+01:00,MAC000036,0.06,Std,2011-12-07,2011,12,7,17,Wednesday
2011-12-07T17:00:00.000+01:00,MAC000035,1.438,Std,2011-12-07,2011,12,7,17,Wednesday
2011-12-07T17:00:00.000+01:00,MAC000034,0.033,Std,2011-12-07,2011,12,7,17,Wednesday
2011-12-07T17:00:00.000+01:00,MAC000037,0.0,Std,2011-12-07,2011,12,7,17,Wednesday
2011-12-07T17:30:00.000+01:00,MAC000016,0.126,Std,2011-12-07,2011,12,7,17,Wednesday
2011-12-07T17:30:00.000+01:00,MAC000018,0.398,Std,2011-12-07,2011,12,7,17,Wednesday
2011-12-07T17:30:00.000+01:00,MAC000019,0.874,Std,2011-12-07,2011,12,7,17,Wednesday
2011-12-07T17:30:00.000+01:00,MAC000020,0.241,Std,2011-12-07,2011,12,7,17,Wednesday
2011-12-07T17:30:00.000+01:00,MAC000021,0.46,Std,2011-12-07,2011,12,7,17,Wednesday
2011-12-07T17:30:00.000+01:00,MAC000022,0.271,Std,2011-12-07,2011,12,7,17,Wednesday
2011-12-07T17:30:00.000+01:00,MAC000023,0.367,Std,2011-12-07,2011,12,7,17,Wednesday
2011-12-07T17:30:00.000+01:00,MAC000024,0.25,Std,2011-12-07,2011,12,7,17,Wednesday
2011-12-07T17:30:00.000+01:00,MAC000025,0.807,Std,2011-12-07,2011,12,7,17,Wednesday
2011-12-07T17:30:00.000+01:00,MAC000026,0.46,Std,2011-12-07,2011,12,7,17,Wednesday
2011-12-07T17:30:00.000+01:00,MAC000027,0.122,Std,2011-12-07,2011,12,7,17,Wednesday
2011-12-07T17:30:00.000+01:00,MAC000028,0.159,Std,2011-12-07,2011,12,7,17,Wednesday
2011-12-07T17:30:00.000+01:00,MAC000029,0.018,Std,2011-12-07,2011,12,7,17,Wednesday
2011-12-07T17:30:00.000+01:00,MAC000030,0.118,Std,2011-12-07,2011,12,7,17,Wednesday
2011-12-07T17:30:00.000+01:00,MAC000032,0.128,Std,2011-12-07,2011,12,7,17,Wednesday
2011-12-07T17:30:00.000+01:00,MAC000033,0.092,Std,2011-12-07,2011,12,7,17,Wednesday
2011-12-07T17:30:00.000+01:00,MAC000036,0.052,Std,2011-12-07,2011,12,7,17,Wednesday
2011-12-07T17:30:00.000+01:00,MAC000034,0.049,Std,2011-12-07,2011,12,7,17,Wednesday
2011-12-07T17:30:00.000+01:00,MAC000035,1.056,Std,2011-12-07,2011,12,7,17,Wednesday
2011-12-07T17:30:00.000+01:00,MAC000037,0.014,Std,2011-12-07,2011,12,7,17,Wednesday
2011-12-07T18:00:00.000+01:00,MAC000016,0.152,Std,2011-12-07,2011,12,7,18,Wednesday
2011-12-07T18:00:00.000+01:00,MAC000018,0.279,Std,2011-12-07,2011,12,7,18,Wednesday
2011-12-07T18:00:00.000+01:00,MAC000019,0.547,Std,2011-12-07,2011,12,7,18,Wednesday
2011-12-07T18:00:00.000+01:00,MAC000020,0.377,Std,2011-12-07,2011,12,7,18,Wednesday
2011-12-07T18:00:00.000+01:00,MAC000021,0.494,Std,2011-12-07,2011,12,7,18,Wednesday
2011-12-07T18:00:00.000+01:00,MAC000022,0.267,Std,2011-12-07,2011,12,7,18,Wednesday
2011-12-07T18:00:00.000+01:00,MAC000023,0.653,Std,2011-12-07,2011,12,7,18,Wednesday
2011-12-07T18:00:00.000+01:00,MAC000024,0.057,Std,2011-12-07,2011,12,7,18,Wednesday
2011-12-07T18:00:00.000+01:00,MAC000025,1.78,Std,2011-12-07,2011,12,7,18,Wednesday
2011-12-07T18:00:00.000+01:00,MAC000026,0.463,Std,2011-12-07,2011,12,7,18,Wednesday
2011-12-07T18:00:00.000+01:00,MAC000027,0.133,Std,2011-12-07,2011,12,7,18,Wednesday
2011-12-07T18:00:00.000+01:00,MAC000028,0.131,Std,2011-12-07,2011,12,7,18,Wednesday
2011-12-07T18:00:00.000+01:00,MAC000029,0.013,Std,2011-12-07,2011,12,7,18,Wednesday
2011-12-07T18:00:00.000+01:00,MAC000030,0.227,Std,2011-12-07,2011,12,7,18,Wednesday
2011-12-07T18:00:00.000+01:00,MAC000032,0.077,Std,2011-12-07,2011,12,7,18,Wednesday
2011-12-07T18:00:00.000+01:00,MAC000033,0.096,Std,2011-12-07,2011,12,7,18,Wednesday
2011-12-07T18:00:00.000+01:00,MAC000035,0.776,Std,2011-12-07,2011,12,7,18,Wednesday
2011-12-07T18:00:00.000+01:00,MAC000034,0.238,Std,2011-12-07,2011,12,7,18,Wednesday
2011-12-07T18:00:00.000+01:00,MAC000036,0.056,Std,2011-12-07,2011,12,7,18,Wednesday
2011-12-07T18:00:00.000+01:00,MAC000037,0.0,Std,2011-12-07,2011,12,7,18,Wednesday
2011-12-07T18:30:00.000+01:00,MAC000016,0.25,Std,2011-12-07,2011,12,7,18,Wednesday
2011-12-07T18:30:00.000+01:00,MAC000018,0.371,Std,2011-12-07,2011,12,7,18,Wednesday
2011-12-07T18:30:00.000+01:00,MAC000019,0.194,Std,2011-12-07,2011,12,7,18,Wednesday
2011-12-07T18:30:00.000+01:00,MAC000020,0.62,Std,2011-12-07,2011,12,7,18,Wednesday
2011-12-07T18:30:00.000+01:00,MAC000021,0.865,Std,2011-12-07,2011,12,7,18,Wednesday
2011-12-07T18:30:00.000+01:00,MAC000022,0.421,Std,2011-12-07,2011,12,7,18,Wednesday
2011-12-07T18:30:00.000+01:00,MAC000023,0.593,Std,2011-12-07,2011,12,7,18,Wednesday
2011-12-07T18:30:00.000+01:00,MAC000024,0.075,Std,2011-12-07,2011,12,7,18,Wednesday
2011-12-07T18:30:00.000+01:00,MAC000025,0.092,Std,2011-12-07,2011,12,7,18,Wednesday
2011-12-07T18:30:00.000+01:00,MAC000026,0.276,Std,2011-12-07,2011,12,7,18,Wednesday
2011-12-07T18:30:00.000+01:00,MAC000027,0.128,Std,2011-12-07,2011,12,7,18,Wednesday
2011-12-07T18:30:00.000+01:00,MAC000028,0.19,Std,2011-12-07,2011,12,7,18,Wednesday
2011-12-07T18:30:00.000+01:00,MAC000029,0.031,Std,2011-12-07,2011,12,7,18,Wednesday
2011-12-07T18:30:00.000+01:00,MAC000030,0.192,Std,2011-12-07,2011,12,7,18,Wednesday
2011-12-07T18:30:00.000+01:00,MAC000032,0.076,Std,2011-12-07,2011,12,7,18,Wednesday
2011-12-07T18:30:00.000+01:00,MAC000033,0.067,Std,2011-12-07,2011,12,7,18,Wednesday
2011-12-07T18:30:00.000+01:00,MAC000034,0.215,Std,2011-12-07,2011,12,7,18,Wednesday
2011-12-07T18:30:00.000+01:00,MAC000035,0.8,Std,2011-12-07,2011,12,7,18,Wednesday
2011-12-07T18:30:00.000+01:00,MAC000036,0.081,Std,2011-12-07,2011,12,7,18,Wednesday
2011-12-07T18:30:00.000+01:00,MAC000037,0.0,Std,2011-12-07,2011,12,7,18,Wednesday
2011-12-07T19:00:00.000+01:00,MAC000016,0.146,Std,2011-12-07,2011,12,7,19,Wednesday
2011-12-07T19:00:00.000+01:00,MAC000018,0.444,Std,2011-12-07,2011,12,7,19,Wednesday
2011-12-07T19:00:00.000+01:00,MAC000019,0.184,Std,2011-12-07,2011,12,7,19,Wednesday
2011-12-07T19:00:00.000+01:00,MAC000020,0.271,Std,2011-12-07,2011,12,7,19,Wednesday
2011-12-07T19:00:00.000+01:00,MAC000021,0.984,Std,2011-12-07,2011,12,7,19,Wednesday
2011-12-07T19:00:00.000+01:00,MAC000022,0.287,Std,2011-12-07,2011,12,7,19,Wednesday
2011-12-07T19:00:00.000+01:00,MAC000023,0.554,Std,2011-12-07,2011,12,7,19,Wednesday
2011-12-07T19:00:00.000+01:00,MAC000024,0.08,Std,2011-12-07,2011,12,7,19,Wednesday
2011-12-07T19:00:00.000+01:00,MAC000025,0.055,Std,2011-12-07,2011,12,7,19,Wednesday
2011-12-07T19:00:00.000+01:00,MAC000026,0.236,Std,2011-12-07,2011,12,7,19,Wednesday
2011-12-07T19:00:00.000+01:00,MAC000027,0.103,Std,2011-12-07,2011,12,7,19,Wednesday
2011-12-07T19:00:00.000+01:00,MAC000028,0.174,Std,2011-12-07,2011,12,7,19,Wednesday
2011-12-07T19:00:00.000+01:00,MAC000029,0.063,Std,2011-12-07,2011,12,7,19,Wednesday
2011-12-07T19:00:00.000+01:00,MAC000030,0.23,Std,2011-12-07,2011,12,7,19,Wednesday
2011-12-07T19:00:00.000+01:00,MAC000032,0.053,Std,2011-12-07,2011,12,7,19,Wednesday
2011-12-07T19:00:00.000+01:00,MAC000033,0.085,Std,2011-12-07,2011,12,7,19,Wednesday
2011-12-07T19:00:00.000+01:00,MAC000034,0.133,Std,2011-12-07,2011,12,7,19,Wednesday
2011-12-07T19:00:00.000+01:00,MAC000035,0.64,Std,2011-12-07,2011,12,7,19,Wednesday
2011-12-07T19:00:00.000+01:00,MAC000036,0.047,Std,2011-12-07,2011,12,7,19,Wednesday
2011-12-07T19:00:00.000+01:00,MAC000037,0.0,Std,2011-12-07,2011,12,7,19,Wednesday
2011-12-07T19:30:00.000+01:00,MAC000016,0.13,Std,2011-12-07,2011,12,7,19,Wednesday
2011-12-07T19:30:00.000+01:00,MAC000018,0.315,Std,2011-12-07,2011,12,7,19,Wednesday
2011-12-07T19:30:00.000+01:00,MAC000019,0.177,Std,2011-12-07,2011,12,7,19,Wednesday
2011-12-07T19:30:00.000+01:00,MAC000020,0.253,Std,2011-12-07,2011,12,7,19,Wednesday
2011-12-07T19:30:00.000+01:00,MAC000021,0.944,Std,2011-12-07,2011,12,7,19,Wednesday
2011-12-07T19:30:00.000+01:00,MAC000022,0.304,Std,2011-12-07,2011,12,7,19,Wednesday
2011-12-07T19:30:00.000+01:00,MAC000023,0.715,Std,2011-12-07,2011,12,7,19,Wednesday
2011-12-07T19:30:00.000+01:00,MAC000024,0.465,Std,2011-12-07,2011,12,7,19,Wednesday
2011-12-07T19:30:00.000+01:00,MAC000025,0.055,Std,2011-12-07,2011,12,7,19,Wednesday
2011-12-07T19:30:00.000+01:00,MAC000026,0.297,Std,2011-12-07,2011,12,7,19,Wednesday
2011-12-07T19:30:00.000+01:00,MAC000027,0.148,Std,2011-12-07,2011,12,7,19,Wednesday
2011-12-07T19:30:00.000+01:00,MAC000028,0.133,Std,2011-12-07,2011,12,7,19,Wednesday
2011-12-07T19:30:00.000+01:00,MAC000029,0.06,Std,2011-12-07,2011,12,7,19,Wednesday
2011-12-07T19:30:00.000+01:00,MAC000030,0.222,Std,2011-12-07,2011,12,7,19,Wednesday
2011-12-07T19:30:00.000+01:00,MAC000032,0.071,Std,2011-12-07,2011,12,7,19,Wednesday
2011-12-07T19:30:00.000+01:00,MAC000033,0.169,Std,2011-12-07,2011,12,7,19,Wednesday
2011-12-07T19:30:00.000+01:00,MAC000035,0.57,Std,2011-12-07,2011,12,7,19,Wednesday
2011-12-07T19:30:00.000+01:00,MAC000036,0.047,Std,2011-12-07,2011,12,7,19,Wednesday
2011-12-07T19:30:00.000+01:00,MAC000037,0.0,Std,2011-12-07,2011,12,7,19,Wednesday
2011-12-07T19:30:00.000+01:00,MAC000034,0.156,Std,2011-12-07,2011,12,7,19,Wednesday
2011-12-07T20:00:00.000+01:00,MAC000016,0.159,Std,2011-12-07,2011,12,7,20,Wednesday
2011-12-07T20:00:00.000+01:00,MAC000018,0.332,Std,2011-12-07,2011,12,7,20,Wednesday
2011-12-07T20:00:00.000+01:00,MAC000019,0.148,Std,2011-12-07,2011,12,7,20,Wednesday
2011-12-07T20:00:00.000+01:00,MAC000020,0.203,Std,2011-12-07,2011,12,7,20,Wednesday
2011-12-07T20:00:00.000+01:00,MAC000021,1.109,Std,2011-12-07,2011,12,7,20,Wednesday
2011-12-07T20:00:00.000+01:00,MAC000022,0.318,Std,2011-12-07,2011,12,7,20,Wednesday
2011-12-07T20:00:00.000+01:00,MAC000023,0.557,Std,2011-12-07,2011,12,7,20,Wednesday
2011-12-07T20:00:00.000+01:00,MAC000024,0.726,Std,2011-12-07,2011,12,7,20,Wednesday
2011-12-07T20:00:00.000+01:00,MAC000025,0.083,Std,2011-12-07,2011,12,7,20,Wednesday
2011-12-07T20:00:00.000+01:00,MAC000026,0.741,Std,2011-12-07,2011,12,7,20,Wednesday
2011-12-07T20:00:00.000+01:00,MAC000027,0.408,Std,2011-12-07,2011,12,7,20,Wednesday
2011-12-07T20:00:00.000+01:00,MAC000028,0.12,Std,2011-12-07,2011,12,7,20,Wednesday
2011-12-07T20:00:00.000+01:00,MAC000029,0.058,Std,2011-12-07,2011,12,7,20,Wednesday
2011-12-07T20:00:00.000+01:00,MAC000030,0.183,Std,2011-12-07,2011,12,7,20,Wednesday
2011-12-07T20:00:00.000+01:00,MAC000032,0.094,Std,2011-12-07,2011,12,7,20,Wednesday
2011-12-07T20:00:00.000+01:00,MAC000033,0.189,Std,2011-12-07,2011,12,7,20,Wednesday
2011-12-07T20:00:00.000+01:00,MAC000034,0.171,Std,2011-12-07,2011,12,7,20,Wednesday
2011-12-07T20:00:00.000+01:00,MAC000035,0.474,Std,2011-12-07,2011,12,7,20,Wednesday
2011-12-07T20:00:00.000+01:00,MAC000036,0.093,Std,2011-12-07,2011,12,7,20,Wednesday
2011-12-07T20:00:00.000+01:00,MAC000037,0.0,Std,2011-12-07,2011,12,7,20,Wednesday
2011-12-07T20:30:00.000+01:00,MAC000016,0.152,Std,2011-12-07,2011,12,7,20,Wednesday
2011-12-07T20:30:00.000+01:00,MAC000018,0.344,Std,2011-12-07,2011,12,7,20,Wednesday
2011-12-07T20:30:00.000+01:00,MAC000019,0.166,Std,2011-12-07,2011,12,7,20,Wednesday
2011-12-07T20:30:00.000+01:00,MAC000020,0.228,Std,2011-12-07,2011,12,7,20,Wednesday
2011-12-07T20:30:00.000+01:00,MAC000021,0.976,Std,2011-12-07,2011,12,7,20,Wednesday
2011-12-07T20:30:00.000+01:00,MAC000022,0.339,Std,2011-12-07,2011,12,7,20,Wednesday
2011-12-07T20:30:00.000+01:00,MAC000023,0.363,Std,2011-12-07,2011,12,7,20,Wednesday
2011-12-07T20:30:00.000+01:00,MAC000024,0.598,Std,2011-12-07,2011,12,7,20,Wednesday
2011-12-07T20:30:00.000+01:00,MAC000025,0.055,Std,2011-12-07,2011,12,7,20,Wednesday
2011-12-07T20:30:00.000+01:00,MAC000026,1.2029999,Std,2011-12-07,2011,12,7,20,Wednesday
2011-12-07T20:30:00.000+01:00,MAC000027,0.203,Std,2011-12-07,2011,12,7,20,Wednesday
2011-12-07T20:30:00.000+01:00,MAC000028,0.146,Std,2011-12-07,2011,12,7,20,Wednesday
2011-12-07T20:30:00.000+01:00,MAC000029,0.059,Std,2011-12-07,2011,12,7,20,Wednesday
2011-12-07T20:30:00.000+01:00,MAC000030,0.231,Std,2011-12-07,2011,12,7,20,Wednesday
2011-12-07T20:30:00.000+01:00,MAC000032,0.053,Std,2011-12-07,2011,12,7,20,Wednesday
2011-12-07T20:30:00.000+01:00,MAC000033,0.19,Std,2011-12-07,2011,12,7,20,Wednesday
2011-12-07T20:30:00.000+01:00,MAC000035,0.473,Std,2011-12-07,2011,12,7,20,Wednesday
2011-12-07T20:30:00.000+01:00,MAC000034,0.175,Std,2011-12-07,2011,12,7,20,Wednesday
2011-12-07T20:30:00.000+01:00,MAC000036,0.044,Std,2011-12-07,2011,12,7,20,Wednesday
2011-12-07T20:30:00.000+01:00,MAC000037,0.0,Std,2011-12-07,2011,12,7,20,Wednesday
2011-12-07T21:00:00.000+01:00,MAC000016,0.129,Std,2011-12-07,2011,12,7,21,Wednesday
2011-12-07T21:00:00.000+01:00,MAC000018,0.393,Std,2011-12-07,2011,12,7,21,Wednesday
2011-12-07T21:00:00.000+01:00,MAC000019,0.198,Std,2011-12-07,2011,12,7,21,Wednesday
2011-12-07T21:00:00.000+01:00,MAC000020,0.229,Std,2011-12-07,2011,12,7,21,Wednesday
2011-12-07T21:00:00.000+01:00,MAC000021,0.859,Std,2011-12-07,2011,12,7,21,Wednesday
2011-12-07T21:00:00.000+01:00,MAC000022,0.27,Std,2011-12-07,2011,12,7,21,Wednesday
2011-12-07T21:00:00.000+01:00,MAC000023,0.319,Std,2011-12-07,2011,12,7,21,Wednesday
2011-12-07T21:00:00.000+01:00,MAC000024,1.517,Std,2011-12-07,2011,12,7,21,Wednesday
2011-12-07T21:00:00.000+01:00,MAC000025,0.016,Std,2011-12-07,2011,12,7,21,Wednesday
2011-12-07T21:00:00.000+01:00,MAC000026,1.276,Std,2011-12-07,2011,12,7,21,Wednesday
2011-12-07T21:00:00.000+01:00,MAC000027,0.173,Std,2011-12-07,2011,12,7,21,Wednesday
2011-12-07T21:00:00.000+01:00,MAC000028,0.217,Std,2011-12-07,2011,12,7,21,Wednesday
2011-12-07T21:00:00.000+01:00,MAC000029,0.057,Std,2011-12-07,2011,12,7,21,Wednesday
2011-12-07T21:00:00.000+01:00,MAC000030,0.243,Std,2011-12-07,2011,12,7,21,Wednesday
2011-12-07T21:00:00.000+01:00,MAC000032,0.053,Std,2011-12-07,2011,12,7,21,Wednesday
2011-12-07T21:00:00.000+01:00,MAC000033,0.151,Std,2011-12-07,2011,12,7,21,Wednesday
2011-12-07T21:00:00.000+01:00,MAC000034,0.218,Std,2011-12-07,2011,12,7,21,Wednesday
2011-12-07T21:00:00.000+01:00,MAC000035,0.388,Std,2011-12-07,2011,12,7,21,Wednesday
2011-12-07T21:00:00.000+01:00,MAC000036,0.235,Std,2011-12-07,2011,12,7,21,Wednesday
2011-12-07T21:00:00.000+01:00,MAC000037,0.0,Std,2011-12-07,2011,12,7,21,Wednesday
2011-12-07T21:30:00.000+01:00,MAC000016,0.13,Std,2011-12-07,2011,12,7,21,Wednesday
2011-12-07T21:30:00.000+01:00,MAC000018,0.256,Std,2011-12-07,2011,12,7,21,Wednesday
2011-12-07T21:30:00.000+01:00,MAC000019,0.119,Std,2011-12-07,2011,12,7,21,Wednesday
2011-12-07T21:30:00.000+01:00,MAC000020,0.258,Std,2011-12-07,2011,12,7,21,Wednesday
2011-12-07T21:30:00.000+01:00,MAC000021,0.984,Std,2011-12-07,2011,12,7,21,Wednesday
2011-12-07T21:30:00.000+01:00,MAC000022,0.399,Std,2011-12-07,2011,12,7,21,Wednesday
2011-12-07T21:30:00.000+01:00,MAC000023,0.378,Std,2011-12-07,2011,12,7,21,Wednesday
2011-12-07T21:30:00.000+01:00,MAC000024,1.082,Std,2011-12-07,2011,12,7,21,Wednesday
2011-12-07T21:30:00.000+01:00,MAC000025,0.03,Std,2011-12-07,2011,12,7,21,Wednesday
2011-12-07T21:30:00.000+01:00,MAC000026,0.643,Std,2011-12-07,2011,12,7,21,Wednesday
2011-12-07T21:30:00.000+01:00,MAC000027,0.209,Std,2011-12-07,2011,12,7,21,Wednesday
2011-12-07T21:30:00.000+01:00,MAC000028,0.193,Std,2011-12-07,2011,12,7,21,Wednesday
2011-12-07T21:30:00.000+01:00,MAC000029,0.046,Std,2011-12-07,2011,12,7,21,Wednesday
2011-12-07T21:30:00.000+01:00,MAC000030,0.244,Std,2011-12-07,2011,12,7,21,Wednesday
2011-12-07T21:30:00.000+01:00,MAC000032,0.101,Std,2011-12-07,2011,12,7,21,Wednesday
2011-12-07T21:30:00.000+01:00,MAC000033,0.194,Std,2011-12-07,2011,12,7,21,Wednesday
2011-12-07T21:30:00.000+01:00,MAC000034,0.155,Std,2011-12-07,2011,12,7,21,Wednesday
2011-12-07T21:30:00.000+01:00,MAC000035,0.478,Std,2011-12-07,2011,12,7,21,Wednesday
2011-12-07T21:30:00.000+01:00,MAC000036,0.077,Std,2011-12-07,2011,12,7,21,Wednesday
2011-12-07T21:30:00.000+01:00,MAC000037,0.0,Std,2011-12-07,2011,12,7,21,Wednesday
2011-12-07T22:00:00.000+01:00,MAC000016,0.154,Std,2011-12-07,2011,12,7,22,Wednesday
2011-12-07T22:00:00.000+01:00,MAC000018,0.337,Std,2011-12-07,2011,12,7,22,Wednesday
2011-12-07T22:00:00.000+01:00,MAC000019,0.167,Std,2011-12-07,2011,12,7,22,Wednesday
2011-12-07T22:00:00.000+01:00,MAC000020,0.272,Std,2011-12-07,2011,12,7,22,Wednesday
2011-12-07T22:00:00.000+01:00,MAC000021,0.941,Std,2011-12-07,2011,12,7,22,Wednesday
2011-12-07T22:00:00.000+01:00,MAC000022,0.416,Std,2011-12-07,2011,12,7,22,Wednesday
2011-12-07T22:00:00.000+01:00,MAC000023,0.501,Std,2011-12-07,2011,12,7,22,Wednesday
2011-12-07T22:00:00.000+01:00,MAC000024,1.108,Std,2011-12-07,2011,12,7,22,Wednesday
2011-12-07T22:00:00.000+01:00,MAC000025,0.0,Std,2011-12-07,2011,12,7,22,Wednesday
2011-12-07T22:00:00.000+01:00,MAC000026,0.581,Std,2011-12-07,2011,12,7,22,Wednesday
2011-12-07T22:00:00.000+01:00,MAC000027,0.188,Std,2011-12-07,2011,12,7,22,Wednesday
2011-12-07T22:00:00.000+01:00,MAC000028,0.143,Std,2011-12-07,2011,12,7,22,Wednesday
2011-12-07T22:00:00.000+01:00,MAC000029,0.014,Std,2011-12-07,2011,12,7,22,Wednesday
2011-12-07T22:00:00.000+01:00,MAC000030,0.237,Std,2011-12-07,2011,12,7,22,Wednesday
2011-12-07T22:00:00.000+01:00,MAC000032,0.066,Std,2011-12-07,2011,12,7,22,Wednesday
2011-12-07T22:00:00.000+01:00,MAC000033,0.222,Std,2011-12-07,2011,12,7,22,Wednesday
2011-12-07T22:00:00.000+01:00,MAC000034,0.169,Std,2011-12-07,2011,12,7,22,Wednesday
2011-12-07T22:00:00.000+01:00,MAC000035,0.568,Std,2011-12-07,2011,12,7,22,Wednesday
2011-12-07T22:00:00.000+01:00,MAC000036,0.06,Std,2011-12-07,2011,12,7,22,Wednesday
2011-12-07T22:00:00.000+01:00,MAC000037,0.0,Std,2011-12-07,2011,12,7,22,Wednesday
2011-12-07T22:30:00.000+01:00,MAC000016,0.108,Std,2011-12-07,2011,12,7,22,Wednesday
2011-12-07T22:30:00.000+01:00,MAC000018,0.434,Std,2011-12-07,2011,12,7,22,Wednesday
2011-12-07T22:30:00.000+01:00,MAC000019,0.186,Std,2011-12-07,2011,12,7,22,Wednesday
2011-12-07T22:30:00.000+01:00,MAC000020,0.193,Std,2011-12-07,2011,12,7,22,Wednesday
2011-12-07T22:30:00.000+01:00,MAC000021,0.899,Std,2011-12-07,2011,12,7,22,Wednesday
2011-12-07T22:30:00.000+01:00,MAC000022,0.356,Std,2011-12-07,2011,12,7,22,Wednesday
2011-12-07T22:30:00.000+01:00,MAC000023,0.522,Std,2011-12-07,2011,12,7,22,Wednesday
2011-12-07T22:30:00.000+01:00,MAC000024,1.048,Std,2011-12-07,2011,12,7,22,Wednesday
2011-12-07T22:30:00.000+01:00,MAC000025,0.0,Std,2011-12-07,2011,12,7,22,Wednesday
2011-12-07T22:30:00.000+01:00,MAC000026,0.546,Std,2011-12-07,2011,12,7,22,Wednesday
2011-12-07T22:30:00.000+01:00,MAC000027,0.111,Std,2011-12-07,2011,12,7,22,Wednesday
2011-12-07T22:30:00.000+01:00,MAC000028,0.187,Std,2011-12-07,2011,12,7,22,Wednesday
2011-12-07T22:30:00.000+01:00,MAC000029,0.013,Std,2011-12-07,2011,12,7,22,Wednesday
2011-12-07T22:30:00.000+01:00,MAC000030,0.156,Std,2011-12-07,2011,12,7,22,Wednesday
2011-12-07T22:30:00.000+01:00,MAC000032,0.015,Std,2011-12-07,2011,12,7,22,Wednesday
2011-12-07T22:30:00.000+01:00,MAC000033,0.261,Std,2011-12-07,2011,12,7,22,Wednesday
2011-12-07T22:30:00.000+01:00,MAC000034,0.165,Std,2011-12-07,2011,12,7,22,Wednesday
2011-12-07T22:30:00.000+01:00,MAC000035,0.336,Std,2011-12-07,2011,12,7,22,Wednesday
2011-12-07T22:30:00.000+01:00,MAC000036,0.014,Std,2011-12-07,2011,12,7,22,Wednesday
2011-12-07T22:30:00.000+01:00,MAC000037,0.0,Std,2011-12-07,2011,12,7,22,Wednesday
2011-12-07T23:00:00.000+01:00,MAC000016,0.05,Std,2011-12-07,2011,12,7,23,Wednesday
2011-12-07T23:00:00.000+01:00,MAC000018,0.556,Std,2011-12-07,2011,12,7,23,Wednesday
2011-12-07T23:00:00.000+01:00,MAC000019,0.134,Std,2011-12-07,2011,12,7,23,Wednesday
2011-12-07T23:00:00.000+01:00,MAC000020,0.075,Std,2011-12-07,2011,12,7,23,Wednesday
2011-12-07T23:00:00.000+01:00,MAC000021,0.891,Std,2011-12-07,2011,12,7,23,Wednesday
2011-12-07T23:00:00.000+01:00,MAC000022,0.387,Std,2011-12-07,2011,12,7,23,Wednesday
2011-12-07T23:00:00.000+01:00,MAC000023,0.407,Std,2011-12-07,2011,12,7,23,Wednesday
2011-12-07T23:00:00.000+01:00,MAC000024,1.411,Std,2011-12-07,2011,12,7,23,Wednesday
2011-12-07T23:00:00.000+01:00,MAC000025,0.029,Std,2011-12-07,2011,12,7,23,Wednesday
2011-12-07T23:00:00.000+01:00,MAC000026,0.78,Std,2011-12-07,2011,12,7,23,Wednesday
2011-12-07T23:00:00.000+01:00,MAC000027,0.147,Std,2011-12-07,2011,12,7,23,Wednesday
2011-12-07T23:00:00.000+01:00,MAC000028,0.109,Std,2011-12-07,2011,12,7,23,Wednesday
2011-12-07T23:00:00.000+01:00,MAC000029,0.021,Std,2011-12-07,2011,12,7,23,Wednesday
2011-12-07T23:00:00.000+01:00,MAC000030,0.129,Std,2011-12-07,2011,12,7,23,Wednesday
2011-12-07T23:00:00.000+01:00,MAC000032,0.031,Std,2011-12-07,2011,12,7,23,Wednesday
2011-12-07T23:00:00.000+01:00,MAC000033,0.306,Std,2011-12-07,2011,12,7,23,Wednesday
2011-12-07T23:00:00.000+01:00,MAC000034,0.172,Std,2011-12-07,2011,12,7,23,Wednesday
2011-12-07T23:00:00.000+01:00,MAC000035,0.255,Std,2011-12-07,2011,12,7,23,Wednesday
2011-12-07T23:00:00.000+01:00,MAC000036,0.013,Std,2011-12-07,2011,12,7,23,Wednesday
2011-12-07T23:00:00.000+01:00,MAC000037,0.0,Std,2011-12-07,2011,12,7,23,Wednesday
2011-12-07T23:30:00.000+01:00,MAC000016,0.042,Std,2011-12-07,2011,12,7,23,Wednesday
2011-12-07T23:30:00.000+01:00,MAC000018,0.362,Std,2011-12-07,2011,12,7,23,Wednesday
2011-12-07T23:30:00.000+01:00,MAC000019,0.153,Std,2011-12-07,2011,12,7,23,Wednesday
2011-12-07T23:30:00.000+01:00,MAC000020,0.057,Std,2011-12-07,2011,12,7,23,Wednesday
2011-12-07T23:30:00.000+01:00,MAC000021,0.853,Std,2011-12-07,2011,12,7,23,Wednesday
2011-12-07T23:30:00.000+01:00,MAC000022,0.306,Std,2011-12-07,2011,12,7,23,Wednesday
2011-12-07T23:30:00.000+01:00,MAC000023,0.314,Std,2011-12-07,2011,12,7,23,Wednesday
2011-12-07T23:30:00.000+01:00,MAC000024,1.299,Std,2011-12-07,2011,12,7,23,Wednesday
2011-12-07T23:30:00.000+01:00,MAC000025,0.0,Std,2011-12-07,2011,12,7,23,Wednesday
2011-12-07T23:30:00.000+01:00,MAC000026,0.492,Std,2011-12-07,2011,12,7,23,Wednesday
2011-12-07T23:30:00.000+01:00,MAC000027,0.228,Std,2011-12-07,2011,12,7,23,Wednesday
2011-12-07T23:30:00.000+01:00,MAC000028,0.059,Std,2011-12-07,2011,12,7,23,Wednesday
2011-12-07T23:30:00.000+01:00,MAC000029,0.065,Std,2011-12-07,2011,12,7,23,Wednesday
2011-12-07T23:30:00.000+01:00,MAC000030,0.165,Std,2011-12-07,2011,12,7,23,Wednesday
2011-12-07T23:30:00.000+01:00,MAC000032,0.029,Std,2011-12-07,2011,12,7,23,Wednesday
2011-12-07T23:30:00.000+01:00,MAC000033,0.148,Std,2011-12-07,2011,12,7,23,Wednesday
2011-12-07T23:30:00.000+01:00,MAC000034,0.225,Std,2011-12-07,2011,12,7,23,Wednesday
2011-12-07T23:30:00.000+01:00,MAC000035,0.205,Std,2011-12-07,2011,12,7,23,Wednesday
2011-12-07T23:30:00.000+01:00,MAC000036,0.047,Std,2011-12-07,2011,12,7,23,Wednesday
2011-12-07T23:30:00.000+01:00,MAC000037,0.0,Std,2011-12-07,2011,12,7,23,Wednesday
2011-12-08T00:00:00.000+01:00,MAC000016,0.026,Std,2011-12-08,2011,12,8,0,Thursday
2011-12-08T00:00:00.000+01:00,MAC000018,0.294,Std,2011-12-08,2011,12,8,0,Thursday
2011-12-08T00:00:00.000+01:00,MAC000019,0.144,Std,2011-12-08,2011,12,8,0,Thursday
2011-12-08T00:00:00.000+01:00,MAC000020,0.062,Std,2011-12-08,2011,12,8,0,Thursday
2011-12-08T00:00:00.000+01:00,MAC000021,0.883,Std,2011-12-08,2011,12,8,0,Thursday
2011-12-08T00:00:00.000+01:00,MAC000022,0.316,Std,2011-12-08,2011,12,8,0,Thursday
2011-12-08T00:00:00.000+01:00,MAC000023,0.312,Std,2011-12-08,2011,12,8,0,Thursday
2011-12-08T00:00:00.000+01:00,MAC000024,0.22,Std,2011-12-08,2011,12,8,0,Thursday
2011-12-08T00:00:00.000+01:00,MAC000025,0.0,Std,2011-12-08,2011,12,8,0,Thursday
2011-12-08T00:00:00.000+01:00,MAC000026,0.319,Std,2011-12-08,2011,12,8,0,Thursday
2011-12-08T00:00:00.000+01:00,MAC000027,0.221,Std,2011-12-08,2011,12,8,0,Thursday
2011-12-08T00:00:00.000+01:00,MAC000028,0.063,Std,2011-12-08,2011,12,8,0,Thursday
2011-12-08T00:00:00.000+01:00,MAC000029,0.06,Std,2011-12-08,2011,12,8,0,Thursday
2011-12-08T00:00:00.000+01:00,MAC000030,0.062,Std,2011-12-08,2011,12,8,0,Thursday
2011-12-08T00:00:00.000+01:00,MAC000032,0.01,Std,2011-12-08,2011,12,8,0,Thursday
2011-12-08T00:00:00.000+01:00,MAC000033,0.147,Std,2011-12-08,2011,12,8,0,Thursday
2011-12-08T00:00:00.000+01:00,MAC000034,0.211,Std,2011-12-08,2011,12,8,0,Thursday
2011-12-08T00:00:00.000+01:00,MAC000035,0.189,Std,2011-12-08,2011,12,8,0,Thursday
2011-12-08T00:00:00.000+01:00,MAC000036,0.003,Std,2011-12-08,2011,12,8,0,Thursday
2011-12-08T00:00:00.000+01:00,MAC000037,0.0,Std,2011-12-08,2011,12,8,0,Thursday
2011-12-08T00:30:00.000+01:00,MAC000016,0.022,Std,2011-12-08,2011,12,8,0,Thursday
2011-12-08T00:30:00.000+01:00,MAC000018,0.134,Std,2011-12-08,2011,12,8,0,Thursday
2011-12-08T00:30:00.000+01:00,MAC000019,0.063,Std,2011-12-08,2011,12,8,0,Thursday
2011-12-08T00:30:00.000+01:00,MAC000020,0.071,Std,2011-12-08,2011,12,8,0,Thursday
2011-12-08T00:30:00.000+01:00,MAC000021,0.912,Std,2011-12-08,2011,12,8,0,Thursday
2011-12-08T00:30:00.000+01:00,MAC000022,0.307,Std,2011-12-08,2011,12,8,0,Thursday
2011-12-08T00:30:00.000+01:00,MAC000023,0.312,Std,2011-12-08,2011,12,8,0,Thursday
2011-12-08T00:30:00.000+01:00,MAC000024,1.2359999,Std,2011-12-08,2011,12,8,0,Thursday
2011-12-08T00:30:00.000+01:00,MAC000025,0.029,Std,2011-12-08,2011,12,8,0,Thursday
2011-12-08T00:30:00.000+01:00,MAC000026,0.177,Std,2011-12-08,2011,12,8,0,Thursday
2011-12-08T00:30:00.000+01:00,MAC000027,0.175,Std,2011-12-08,2011,12,8,0,Thursday
2011-12-08T00:30:00.000+01:00,MAC000028,0.07,Std,2011-12-08,2011,12,8,0,Thursday
2011-12-08T00:30:00.000+01:00,MAC000029,0.06,Std,2011-12-08,2011,12,8,0,Thursday
2011-12-08T00:30:00.000+01:00,MAC000030,0.046,Std,2011-12-08,2011,12,8,0,Thursday
2011-12-08T00:30:00.000+01:00,MAC000032,2.5050001,Std,2011-12-08,2011,12,8,0,Thursday
2011-12-08T00:30:00.000+01:00,MAC000033,0.211,Std,2011-12-08,2011,12,8,0,Thursday
2011-12-08T00:30:00.000+01:00,MAC000035,0.203,Std,2011-12-08,2011,12,8,0,Thursday
2011-12-08T00:30:00.000+01:00,MAC000034,0.197,Std,2011-12-08,2011,12,8,0,Thursday
2011-12-08T00:30:00.000+01:00,MAC000036,0.0,Std,2011-12-08,2011,12,8,0,Thursday
2011-12-08T00:30:00.000+01:00,MAC000037,0.0,Std,2011-12-08,2011,12,8,0,Thursday
2011-12-08T01:00:00.000+01:00,MAC000016,0.032,Std,2011-12-08,2011,12,8,1,Thursday
2011-12-08T01:00:00.000+01:00,MAC000018,0.119,Std,2011-12-08,2011,12,8,1,Thursday
2011-12-08T01:00:00.000+01:00,MAC000019,0.021,Std,2011-12-08,2011,12,8,1,Thursday
2011-12-08T01:00:00.000+01:00,MAC000020,0.051,Std,2011-12-08,2011,12,8,1,Thursday
2011-12-08T01:00:00.000+01:00,MAC000021,1.1210001,Std,2011-12-08,2011,12,8,1,Thursday
2011-12-08T01:00:00.000+01:00,MAC000022,0.32,Std,2011-12-08,2011,12,8,1,Thursday
2011-12-08T01:00:00.000+01:00,MAC000023,0.349,Std,2011-12-08,2011,12,8,1,Thursday
2011-12-08T01:00:00.000+01:00,MAC000024,1.587,Std,2011-12-08,2011,12,8,1,Thursday
2011-12-08T01:00:00.000+01:00,MAC000025,0.001,Std,2011-12-08,2011,12,8,1,Thursday
2011-12-08T01:00:00.000+01:00,MAC000026,0.199,Std,2011-12-08,2011,12,8,1,Thursday
2011-12-08T01:00:00.000+01:00,MAC000027,0.222,Std,2011-12-08,2011,12,8,1,Thursday
2011-12-08T01:00:00.000+01:00,MAC000028,0.07,Std,2011-12-08,2011,12,8,1,Thursday
2011-12-08T01:00:00.000+01:00,MAC000029,0.058,Std,2011-12-08,2011,12,8,1,Thursday
2011-12-08T01:00:00.000+01:00,MAC000030,0.123,Std,2011-12-08,2011,12,8,1,Thursday
2011-12-08T01:00:00.000+01:00,MAC000032,1.643,Std,2011-12-08,2011,12,8,1,Thursday
2011-12-08T01:00:00.000+01:00,MAC000033,0.186,Std,2011-12-08,2011,12,8,1,Thursday
2011-12-08T01:00:00.000+01:00,MAC000034,0.54,Std,2011-12-08,2011,12,8,1,Thursday
2011-12-08T01:00:00.000+01:00,MAC000035,0.194,Std,2011-12-08,2011,12,8,1,Thursday
2011-12-08T01:00:00.000+01:00,MAC000036,0.049,Std,2011-12-08,2011,12,8,1,Thursday
2011-12-08T01:00:00.000+01:00,MAC000037,0.0,Std,2011-12-08,2011,12,8,1,Thursday
2011-12-08T01:30:00.000+01:00,MAC000016,0.037,Std,2011-12-08,2011,12,8,1,Thursday
2011-12-08T01:30:00.000+01:00,MAC000018,0.125,Std,2011-12-08,2011,12,8,1,Thursday
2011-12-08T01:30:00.000+01:00,MAC000019,0.08,Std,2011-12-08,2011,12,8,1,Thursday
2011-12-08T01:30:00.000+01:00,MAC000020,0.067,Std,2011-12-08,2011,12,8,1,Thursday
2011-12-08T01:30:00.000+01:00,MAC000021,0.739,Std,2011-12-08,2011,12,8,1,Thursday
2011-12-08T01:30:00.000+01:00,MAC000022,0.284,Std,2011-12-08,2011,12,8,1,Thursday
2011-12-08T01:30:00.000+01:00,MAC000023,0.206,Std,2011-12-08,2011,12,8,1,Thursday
2011-12-08T01:30:00.000+01:00,MAC000024,0.28,Std,2011-12-08,2011,12,8,1,Thursday
2011-12-08T01:30:00.000+01:00,MAC000025,0.0,Std,2011-12-08,2011,12,8,1,Thursday
2011-12-08T01:30:00.000+01:00,MAC000026,0.175,Std,2011-12-08,2011,12,8,1,Thursday
2011-12-08T01:30:00.000+01:00,MAC000027,0.159,Std,2011-12-08,2011,12,8,1,Thursday
2011-12-08T01:30:00.000+01:00,MAC000028,0.12,Std,2011-12-08,2011,12,8,1,Thursday
2011-12-08T01:30:00.000+01:00,MAC000029,0.058,Std,2011-12-08,2011,12,8,1,Thursday
2011-12-08T01:30:00.000+01:00,MAC000030,0.047,Std,2011-12-08,2011,12,8,1,Thursday
2011-12-08T01:30:00.000+01:00,MAC000032,1.401,Std,2011-12-08,2011,12,8,1,Thursday
2011-12-08T01:30:00.000+01:00,MAC000033,0.139,Std,2011-12-08,2011,12,8,1,Thursday
2011-12-08T01:30:00.000+01:00,MAC000035,0.183,Std,2011-12-08,2011,12,8,1,Thursday
2011-12-08T01:30:00.000+01:00,MAC000034,1.2920001,Std,2011-12-08,2011,12,8,1,Thursday
2011-12-08T01:30:00.000+01:00,MAC000036,0.001,Std,2011-12-08,2011,12,8,1,Thursday
2011-12-08T01:30:00.000+01:00,MAC000037,0.0,Std,2011-12-08,2011,12,8,1,Thursday
2011-12-08T02:00:00.000+01:00,MAC000016,0.023,Std,2011-12-08,2011,12,8,2,Thursday
2011-12-08T02:00:00.000+01:00,MAC000018,0.127,Std,2011-12-08,2011,12,8,2,Thursday
2011-12-08T02:00:00.000+01:00,MAC000019,0.069,Std,2011-12-08,2011,12,8,2,Thursday
2011-12-08T02:00:00.000+01:00,MAC000020,0.058,Std,2011-12-08,2011,12,8,2,Thursday
2011-12-08T02:00:00.000+01:00,MAC000021,0.503,Std,2011-12-08,2011,12,8,2,Thursday
2011-12-08T02:00:00.000+01:00,MAC000022,0.141,Std,2011-12-08,2011,12,8,2,Thursday
2011-12-08T02:00:00.000+01:00,MAC000023,0.063,Std,2011-12-08,2011,12,8,2,Thursday
2011-12-08T02:00:00.000+01:00,MAC000024,0.076,Std,2011-12-08,2011,12,8,2,Thursday
2011-12-08T02:00:00.000+01:00,MAC000025,0.025,Std,2011-12-08,2011,12,8,2,Thursday
2011-12-08T02:00:00.000+01:00,MAC000026,0.148,Std,2011-12-08,2011,12,8,2,Thursday
2011-12-08T02:00:00.000+01:00,MAC000027,0.141,Std,2011-12-08,2011,12,8,2,Thursday
2011-12-08T02:00:00.000+01:00,MAC000028,0.099,Std,2011-12-08,2011,12,8,2,Thursday
2011-12-08T02:00:00.000+01:00,MAC000029,0.057,Std,2011-12-08,2011,12,8,2,Thursday
2011-12-08T02:00:00.000+01:00,MAC000030,0.056,Std,2011-12-08,2011,12,8,2,Thursday
2011-12-08T02:00:00.000+01:00,MAC000032,1.133,Std,2011-12-08,2011,12,8,2,Thursday
2011-12-08T02:00:00.000+01:00,MAC000033,0.099,Std,2011-12-08,2011,12,8,2,Thursday
2011-12-08T02:00:00.000+01:00,MAC000034,1.2920001,Std,2011-12-08,2011,12,8,2,Thursday
2011-12-08T02:00:00.000+01:00,MAC000035,0.196,Std,2011-12-08,2011,12,8,2,Thursday
2011-12-08T02:00:00.000+01:00,MAC000036,0.0,Std,2011-12-08,2011,12,8,2,Thursday
2011-12-08T02:00:00.000+01:00,MAC000037,0.0,Std,2011-12-08,2011,12,8,2,Thursday
2011-12-08T02:30:00.000+01:00,MAC000016,0.022,Std,2011-12-08,2011,12,8,2,Thursday
2011-12-08T02:30:00.000+01:00,MAC000018,0.123,Std,2011-12-08,2011,12,8,2,Thursday
2011-12-08T02:30:00.000+01:00,MAC000019,0.027,Std,2011-12-08,2011,12,8,2,Thursday
2011-12-08T02:30:00.000+01:00,MAC000020,0.058,Std,2011-12-08,2011,12,8,2,Thursday
2011-12-08T02:30:00.000+01:00,MAC000021,0.963,Std,2011-12-08,2011,12,8,2,Thursday
2011-12-08T02:30:00.000+01:00,MAC000022,0.124,Std,2011-12-08,2011,12,8,2,Thursday
2011-12-08T02:30:00.000+01:00,MAC000023,0.045,Std,2011-12-08,2011,12,8,2,Thursday
2011-12-08T02:30:00.000+01:00,MAC000024,0.132,Std,2011-12-08,2011,12,8,2,Thursday
2011-12-08T02:30:00.000+01:00,MAC000025,0.005,Std,2011-12-08,2011,12,8,2,Thursday
2011-12-08T02:30:00.000+01:00,MAC000026,0.157,Std,2011-12-08,2011,12,8,2,Thursday
2011-12-08T02:30:00.000+01:00,MAC000027,0.13,Std,2011-12-08,2011,12,8,2,Thursday
2011-12-08T02:30:00.000+01:00,MAC000028,0.078,Std,2011-12-08,2011,12,8,2,Thursday
2011-12-08T02:30:00.000+01:00,MAC000029,0.033,Std,2011-12-08,2011,12,8,2,Thursday
2011-12-08T02:30:00.000+01:00,MAC000030,0.114,Std,2011-12-08,2011,12,8,2,Thursday
2011-12-08T02:30:00.000+01:00,MAC000032,1.3200001,Std,2011-12-08,2011,12,8,2,Thursday
2011-12-08T02:30:00.000+01:00,MAC000033,0.098,Std,2011-12-08,2011,12,8,2,Thursday
2011-12-08T02:30:00.000+01:00,MAC000034,1.334,Std,2011-12-08,2011,12,8,2,Thursday
2011-12-08T02:30:00.000+01:00,MAC000035,0.174,Std,2011-12-08,2011,12,8,2,Thursday
2011-12-08T02:30:00.000+01:00,MAC000036,0.025,Std,2011-12-08,2011,12,8,2,Thursday
2011-12-08T02:30:00.000+01:00,MAC000037,0.0,Std,2011-12-08,2011,12,8,2,Thursday
2011-12-08T03:00:00.000+01:00,MAC000016,0.053,Std,2011-12-08,2011,12,8,3,Thursday
2011-12-08T03:00:00.000+01:00,MAC000018,0.121,Std,2011-12-08,2011,12,8,3,Thursday
2011-12-08T03:00:00.000+01:00,MAC000019,0.054,Std,2011-12-08,2011,12,8,3,Thursday
2011-12-08T03:00:00.000+01:00,MAC000020,0.075,Std,2011-12-08,2011,12,8,3,Thursday
2011-12-08T03:00:00.000+01:00,MAC000021,0.43,Std,2011-12-08,2011,12,8,3,Thursday
2011-12-08T03:00:00.000+01:00,MAC000022,0.125,Std,2011-12-08,2011,12,8,3,Thursday
2011-12-08T03:00:00.000+01:00,MAC000023,0.046,Std,2011-12-08,2011,12,8,3,Thursday
2011-12-08T03:00:00.000+01:00,MAC000024,0.076,Std,2011-12-08,2011,12,8,3,Thursday
2011-12-08T03:00:00.000+01:00,MAC000025,0.0,Std,2011-12-08,2011,12,8,3,Thursday
2011-12-08T03:00:00.000+01:00,MAC000026,0.214,Std,2011-12-08,2011,12,8,3,Thursday
2011-12-08T03:00:00.000+01:00,MAC000027,0.136,Std,2011-12-08,2011,12,8,3,Thursday
2011-12-08T03:00:00.000+01:00,MAC000028,0.075,Std,2011-12-08,2011,12,8,3,Thursday
2011-12-08T03:00:00.000+01:00,MAC000029,0.013,Std,2011-12-08,2011,12,8,3,Thursday
2011-12-08T03:00:00.000+01:00,MAC000030,0.045,Std,2011-12-08,2011,12,8,3,Thursday
2011-12-08T03:00:00.000+01:00,MAC000032,1.369,Std,2011-12-08,2011,12,8,3,Thursday
2011-12-08T03:00:00.000+01:00,MAC000033,0.094,Std,2011-12-08,2011,12,8,3,Thursday
2011-12-08T03:00:00.000+01:00,MAC000034,1.299,Std,2011-12-08,2011,12,8,3,Thursday
2011-12-08T03:00:00.000+01:00,MAC000035,0.181,Std,2011-12-08,2011,12,8,3,Thursday
2011-12-08T03:00:00.000+01:00,MAC000036,0.025,Std,2011-12-08,2011,12,8,3,Thursday
2011-12-08T03:00:00.000+01:00,MAC000037,0.0,Std,2011-12-08,2011,12,8,3,Thursday
2011-12-08T03:30:00.000+01:00,MAC000016,0.022,Std,2011-12-08,2011,12,8,3,Thursday
2011-12-08T03:30:00.000+01:00,MAC000018,0.121,Std,2011-12-08,2011,12,8,3,Thursday
2011-12-08T03:30:00.000+01:00,MAC000019,0.069,Std,2011-12-08,2011,12,8,3,Thursday
2011-12-08T03:30:00.000+01:00,MAC000020,0.057,Std,2011-12-08,2011,12,8,3,Thursday
2011-12-08T03:30:00.000+01:00,MAC000021,0.417,Std,2011-12-08,2011,12,8,3,Thursday
2011-12-08T03:30:00.000+01:00,MAC000022,0.13,Std,2011-12-08,2011,12,8,3,Thursday
2011-12-08T03:30:00.000+01:00,MAC000023,0.05,Std,2011-12-08,2011,12,8,3,Thursday
2011-12-08T03:30:00.000+01:00,MAC000024,0.056,Std,2011-12-08,2011,12,8,3,Thursday
2011-12-08T03:30:00.000+01:00,MAC000025,0.02,Std,2011-12-08,2011,12,8,3,Thursday
2011-12-08T03:30:00.000+01:00,MAC000026,0.145,Std,2011-12-08,2011,12,8,3,Thursday
2011-12-08T03:30:00.000+01:00,MAC000027,0.11,Std,2011-12-08,2011,12,8,3,Thursday
2011-12-08T03:30:00.000+01:00,MAC000028,0.065,Std,2011-12-08,2011,12,8,3,Thursday
2011-12-08T03:30:00.000+01:00,MAC000029,0.014,Std,2011-12-08,2011,12,8,3,Thursday
2011-12-08T03:30:00.000+01:00,MAC000030,0.067,Std,2011-12-08,2011,12,8,3,Thursday
2011-12-08T03:30:00.000+01:00,MAC000032,1.25,Std,2011-12-08,2011,12,8,3,Thursday
2011-12-08T03:30:00.000+01:00,MAC000033,0.069,Std,2011-12-08,2011,12,8,3,Thursday
2011-12-08T03:30:00.000+01:00,MAC000034,1.283,Std,2011-12-08,2011,12,8,3,Thursday
2011-12-08T03:30:00.000+01:00,MAC000035,0.183,Std,2011-12-08,2011,12,8,3,Thursday
2011-12-08T03:30:00.000+01:00,MAC000036,0.0,Std,2011-12-08,2011,12,8,3,Thursday
2011-12-08T03:30:00.000+01:00,MAC000037,0.0,Std,2011-12-08,2011,12,8,3,Thursday
2011-12-08T04:00:00.000+01:00,MAC000016,0.022,Std,2011-12-08,2011,12,8,4,Thursday
2011-12-08T04:00:00.000+01:00,MAC000018,0.121,Std,2011-12-08,2011,12,8,4,Thursday
2011-12-08T04:00:00.000+01:00,MAC000019,0.057,Std,2011-12-08,2011,12,8,4,Thursday
2011-12-08T04:00:00.000+01:00,MAC000020,0.049,Std,2011-12-08,2011,12,8,4,Thursday
2011-12-08T04:00:00.000+01:00,MAC000021,0.454,Std,2011-12-08,2011,12,8,4,Thursday
2011-12-08T04:00:00.000+01:00,MAC000022,0.129,Std,2011-12-08,2011,12,8,4,Thursday
2011-12-08T04:00:00.000+01:00,MAC000023,0.107,Std,2011-12-08,2011,12,8,4,Thursday
2011-12-08T04:00:00.000+01:00,MAC000024,0.308,Std,2011-12-08,2011,12,8,4,Thursday
2011-12-08T04:00:00.000+01:00,MAC000025,0.01,Std,2011-12-08,2011,12,8,4,Thursday
2011-12-08T04:00:00.000+01:00,MAC000026,0.146,Std,2011-12-08,2011,12,8,4,Thursday
2011-12-08T04:00:00.000+01:00,MAC000027,0.122,Std,2011-12-08,2011,12,8,4,Thursday
2011-12-08T04:00:00.000+01:00,MAC000028,0.061,Std,2011-12-08,2011,12,8,4,Thursday
2011-12-08T04:00:00.000+01:00,MAC000029,0.035,Std,2011-12-08,2011,12,8,4,Thursday
2011-12-08T04:00:00.000+01:00,MAC000030,0.108,Std,2011-12-08,2011,12,8,4,Thursday
2011-12-08T04:00:00.000+01:00,MAC000032,1.3049999,Std,2011-12-08,2011,12,8,4,Thursday
2011-12-08T04:00:00.000+01:00,MAC000033,0.032,Std,2011-12-08,2011,12,8,4,Thursday
2011-12-08T04:00:00.000+01:00,MAC000034,1.274,Std,2011-12-08,2011,12,8,4,Thursday
2011-12-08T04:00:00.000+01:00,MAC000035,0.174,Std,2011-12-08,2011,12,8,4,Thursday
2011-12-08T04:00:00.000+01:00,MAC000036,0.0,Std,2011-12-08,2011,12,8,4,Thursday
2011-12-08T04:00:00.000+01:00,MAC000037,0.0,Std,2011-12-08,2011,12,8,4,Thursday
2011-12-08T04:30:00.000+01:00,MAC000016,0.033,Std,2011-12-08,2011,12,8,4,Thursday
2011-12-08T04:30:00.000+01:00,MAC000018,0.121,Std,2011-12-08,2011,12,8,4,Thursday
2011-12-08T04:30:00.000+01:00,MAC000019,0.026,Std,2011-12-08,2011,12,8,4,Thursday
2011-12-08T04:30:00.000+01:00,MAC000020,0.073,Std,2011-12-08,2011,12,8,4,Thursday
2011-12-08T04:30:00.000+01:00,MAC000021,0.407,Std,2011-12-08,2011,12,8,4,Thursday
2011-12-08T04:30:00.000+01:00,MAC000022,0.13,Std,2011-12-08,2011,12,8,4,Thursday
2011-12-08T04:30:00.000+01:00,MAC000023,0.093,Std,2011-12-08,2011,12,8,4,Thursday
2011-12-08T04:30:00.000+01:00,MAC000024,0.175,Std,2011-12-08,2011,12,8,4,Thursday
2011-12-08T04:30:00.000+01:00,MAC000025,0.0,Std,2011-12-08,2011,12,8,4,Thursday
2011-12-08T04:30:00.000+01:00,MAC000026,0.186,Std,2011-12-08,2011,12,8,4,Thursday
2011-12-08T04:30:00.000+01:00,MAC000027,0.164,Std,2011-12-08,2011,12,8,4,Thursday
2011-12-08T04:30:00.000+01:00,MAC000028,0.078,Std,2011-12-08,2011,12,8,4,Thursday
2011-12-08T04:30:00.000+01:00,MAC000029,0.062,Std,2011-12-08,2011,12,8,4,Thursday
2011-12-08T04:30:00.000+01:00,MAC000030,0.046,Std,2011-12-08,2011,12,8,4,Thursday
2011-12-08T04:30:00.000+01:00,MAC000032,0.112,Std,2011-12-08,2011,12,8,4,Thursday
2011-12-08T04:30:00.000+01:00,MAC000033,0.082,Std,2011-12-08,2011,12,8,4,Thursday
2011-12-08T04:30:00.000+01:00,MAC000034,1.2869999,Std,2011-12-08,2011,12,8,4,Thursday
2011-12-08T04:30:00.000+01:00,MAC000035,0.187,Std,2011-12-08,2011,12,8,4,Thursday
2011-12-08T04:30:00.000+01:00,MAC000036,0.049,Std,2011-12-08,2011,12,8,4,Thursday
2011-12-08T04:30:00.000+01:00,MAC000037,0.0,Std,2011-12-08,2011,12,8,4,Thursday
2011-12-08T05:00:00.000+01:00,MAC000016,0.034,Std,2011-12-08,2011,12,8,5,Thursday
2011-12-08T05:00:00.000+01:00,MAC000018,0.121,Std,2011-12-08,2011,12,8,5,Thursday
2011-12-08T05:00:00.000+01:00,MAC000019,0.059,Std,2011-12-08,2011,12,8,5,Thursday
2011-12-08T05:00:00.000+01:00,MAC000020,0.055,Std,2011-12-08,2011,12,8,5,Thursday
2011-12-08T05:00:00.000+01:00,MAC000021,0.399,Std,2011-12-08,2011,12,8,5,Thursday
2011-12-08T05:00:00.000+01:00,MAC000022,0.118,Std,2011-12-08,2011,12,8,5,Thursday
2011-12-08T05:00:00.000+01:00,MAC000023,0.045,Std,2011-12-08,2011,12,8,5,Thursday
2011-12-08T05:00:00.000+01:00,MAC000024,0.035,Std,2011-12-08,2011,12,8,5,Thursday
2011-12-08T05:00:00.000+01:00,MAC000025,0.031,Std,2011-12-08,2011,12,8,5,Thursday
2011-12-08T05:00:00.000+01:00,MAC000026,0.192,Std,2011-12-08,2011,12,8,5,Thursday
2011-12-08T05:00:00.000+01:00,MAC000027,0.113,Std,2011-12-08,2011,12,8,5,Thursday
2011-12-08T05:00:00.000+01:00,MAC000028,0.126,Std,2011-12-08,2011,12,8,5,Thursday
2011-12-08T05:00:00.000+01:00,MAC000029,0.06,Std,2011-12-08,2011,12,8,5,Thursday
2011-12-08T05:00:00.000+01:00,MAC000030,0.066,Std,2011-12-08,2011,12,8,5,Thursday
2011-12-08T05:00:00.000+01:00,MAC000032,0.019,Std,2011-12-08,2011,12,8,5,Thursday
2011-12-08T05:00:00.000+01:00,MAC000033,0.096,Std,2011-12-08,2011,12,8,5,Thursday
2011-12-08T05:00:00.000+01:00,MAC000035,0.183,Std,2011-12-08,2011,12,8,5,Thursday
2011-12-08T05:00:00.000+01:00,MAC000034,1.314,Std,2011-12-08,2011,12,8,5,Thursday
2011-12-08T05:00:00.000+01:00,MAC000036,0.0,Std,2011-12-08,2011,12,8,5,Thursday
2011-12-08T05:00:00.000+01:00,MAC000037,0.0,Std,2011-12-08,2011,12,8,5,Thursday
2011-12-08T05:30:00.000+01:00,MAC000016,0.022,Std,2011-12-08,2011,12,8,5,Thursday
2011-12-08T05:30:00.000+01:00,MAC000018,0.12,Std,2011-12-08,2011,12,8,5,Thursday
2011-12-08T05:30:00.000+01:00,MAC000019,0.09,Std,2011-12-08,2011,12,8,5,Thursday
2011-12-08T05:30:00.000+01:00,MAC000020,0.06,Std,2011-12-08,2011,12,8,5,Thursday
2011-12-08T05:30:00.000+01:00,MAC000021,0.364,Std,2011-12-08,2011,12,8,5,Thursday
2011-12-08T05:30:00.000+01:00,MAC000022,0.128,Std,2011-12-08,2011,12,8,5,Thursday
2011-12-08T05:30:00.000+01:00,MAC000023,0.049,Std,2011-12-08,2011,12,8,5,Thursday
2011-12-08T05:30:00.000+01:00,MAC000024,0.071,Std,2011-12-08,2011,12,8,5,Thursday
2011-12-08T05:30:00.000+01:00,MAC000025,0.016,Std,2011-12-08,2011,12,8,5,Thursday
2011-12-08T05:30:00.000+01:00,MAC000026,0.144,Std,2011-12-08,2011,12,8,5,Thursday
2011-12-08T05:30:00.000+01:00,MAC000027,0.105,Std,2011-12-08,2011,12,8,5,Thursday
2011-12-08T05:30:00.000+01:00,MAC000028,0.102,Std,2011-12-08,2011,12,8,5,Thursday
2011-12-08T05:30:00.000+01:00,MAC000029,0.091,Std,2011-12-08,2011,12,8,5,Thursday
2011-12-08T05:30:00.000+01:00,MAC000030,0.101,Std,2011-12-08,2011,12,8,5,Thursday
2011-12-08T05:30:00.000+01:00,MAC000032,0.51,Std,2011-12-08,2011,12,8,5,Thursday
2011-12-08T05:30:00.000+01:00,MAC000033,0.09,Std,2011-12-08,2011,12,8,5,Thursday
2011-12-08T05:30:00.000+01:00,MAC000036,0.0,Std,2011-12-08,2011,12,8,5,Thursday
2011-12-08T05:30:00.000+01:00,MAC000034,1.053,Std,2011-12-08,2011,12,8,5,Thursday
2011-12-08T05:30:00.000+01:00,MAC000035,0.171,Std,2011-12-08,2011,12,8,5,Thursday
2011-12-08T05:30:00.000+01:00,MAC000037,0.0,Std,2011-12-08,2011,12,8,5,Thursday
2011-12-08T06:00:00.000+01:00,MAC000016,0.033,Std,2011-12-08,2011,12,8,6,Thursday
2011-12-08T06:00:00.000+01:00,MAC000018,0.123,Std,2011-12-08,2011,12,8,6,Thursday
2011-12-08T06:00:00.000+01:00,MAC000019,0.018,Std,2011-12-08,2011,12,8,6,Thursday
2011-12-08T06:00:00.000+01:00,MAC000020,0.075,Std,2011-12-08,2011,12,8,6,Thursday
2011-12-08T06:00:00.000+01:00,MAC000021,0.415,Std,2011-12-08,2011,12,8,6,Thursday
2011-12-08T06:00:00.000+01:00,MAC000022,0.127,Std,2011-12-08,2011,12,8,6,Thursday
2011-12-08T06:00:00.000+01:00,MAC000023,0.045,Std,2011-12-08,2011,12,8,6,Thursday
2011-12-08T06:00:00.000+01:00,MAC000024,0.071,Std,2011-12-08,2011,12,8,6,Thursday
2011-12-08T06:00:00.000+01:00,MAC000025,0.0,Std,2011-12-08,2011,12,8,6,Thursday
2011-12-08T06:00:00.000+01:00,MAC000026,0.143,Std,2011-12-08,2011,12,8,6,Thursday
2011-12-08T06:00:00.000+01:00,MAC000027,0.128,Std,2011-12-08,2011,12,8,6,Thursday
2011-12-08T06:00:00.000+01:00,MAC000028,0.079,Std,2011-12-08,2011,12,8,6,Thursday
2011-12-08T06:00:00.000+01:00,MAC000029,0.106,Std,2011-12-08,2011,12,8,6,Thursday
2011-12-08T06:00:00.000+01:00,MAC000030,0.046,Std,2011-12-08,2011,12,8,6,Thursday
2011-12-08T06:00:00.000+01:00,MAC000032,0.012,Std,2011-12-08,2011,12,8,6,Thursday
2011-12-08T06:00:00.000+01:00,MAC000033,0.028,Std,2011-12-08,2011,12,8,6,Thursday
2011-12-08T06:00:00.000+01:00,MAC000034,0.049,Std,2011-12-08,2011,12,8,6,Thursday
2011-12-08T06:00:00.000+01:00,MAC000035,0.183,Std,2011-12-08,2011,12,8,6,Thursday
2011-12-08T06:00:00.000+01:00,MAC000036,0.042,Std,2011-12-08,2011,12,8,6,Thursday
2011-12-08T06:00:00.000+01:00,MAC000037,0.0,Std,2011-12-08,2011,12,8,6,Thursday
2011-12-08T06:30:00.000+01:00,MAC000016,0.098,Std,2011-12-08,2011,12,8,6,Thursday
2011-12-08T06:30:00.000+01:00,MAC000018,0.122,Std,2011-12-08,2011,12,8,6,Thursday
2011-12-08T06:30:00.000+01:00,MAC000019,0.047,Std,2011-12-08,2011,12,8,6,Thursday
2011-12-08T06:30:00.000+01:00,MAC000020,0.053,Std,2011-12-08,2011,12,8,6,Thursday
2011-12-08T06:30:00.000+01:00,MAC000021,0.507,Std,2011-12-08,2011,12,8,6,Thursday
2011-12-08T06:30:00.000+01:00,MAC000022,0.124,Std,2011-12-08,2011,12,8,6,Thursday
2011-12-08T06:30:00.000+01:00,MAC000023,0.1,Std,2011-12-08,2011,12,8,6,Thursday
2011-12-08T06:30:00.000+01:00,MAC000024,0.403,Std,2011-12-08,2011,12,8,6,Thursday
2011-12-08T06:30:00.000+01:00,MAC000025,0.013,Std,2011-12-08,2011,12,8,6,Thursday
2011-12-08T06:30:00.000+01:00,MAC000026,0.203,Std,2011-12-08,2011,12,8,6,Thursday
2011-12-08T06:30:00.000+01:00,MAC000027,0.296,Std,2011-12-08,2011,12,8,6,Thursday
2011-12-08T06:30:00.000+01:00,MAC000028,0.068,Std,2011-12-08,2011,12,8,6,Thursday
2011-12-08T06:30:00.000+01:00,MAC000029,0.061,Std,2011-12-08,2011,12,8,6,Thursday
2011-12-08T06:30:00.000+01:00,MAC000030,0.071,Std,2011-12-08,2011,12,8,6,Thursday
2011-12-08T06:30:00.000+01:00,MAC000032,0.164,Std,2011-12-08,2011,12,8,6,Thursday
2011-12-08T06:30:00.000+01:00,MAC000033,0.06,Std,2011-12-08,2011,12,8,6,Thursday
2011-12-08T06:30:00.000+01:00,MAC000034,0.354,Std,2011-12-08,2011,12,8,6,Thursday
2011-12-08T06:30:00.000+01:00,MAC000035,0.183,Std,2011-12-08,2011,12,8,6,Thursday
2011-12-08T06:30:00.000+01:00,MAC000036,0.009,Std,2011-12-08,2011,12,8,6,Thursday
2011-12-08T06:30:00.000+01:00,MAC000037,0.0,Std,2011-12-08,2011,12,8,6,Thursday
2011-12-08T07:00:00.000+01:00,MAC000016,0.117,Std,2011-12-08,2011,12,8,7,Thursday
2011-12-08T07:00:00.000+01:00,MAC000018,0.153,Std,2011-12-08,2011,12,8,7,Thursday
2011-12-08T07:00:00.000+01:00,MAC000019,0.059,Std,2011-12-08,2011,12,8,7,Thursday
2011-12-08T07:00:00.000+01:00,MAC000020,0.081,Std,2011-12-08,2011,12,8,7,Thursday
2011-12-08T07:00:00.000+01:00,MAC000021,0.538,Std,2011-12-08,2011,12,8,7,Thursday
2011-12-08T07:00:00.000+01:00,MAC000022,0.115,Std,2011-12-08,2011,12,8,7,Thursday
2011-12-08T07:00:00.000+01:00,MAC000023,0.162,Std,2011-12-08,2011,12,8,7,Thursday
2011-12-08T07:00:00.000+01:00,MAC000024,0.074,Std,2011-12-08,2011,12,8,7,Thursday
2011-12-08T07:00:00.000+01:00,MAC000025,0.018,Std,2011-12-08,2011,12,8,7,Thursday
2011-12-08T07:00:00.000+01:00,MAC000026,0.183,Std,2011-12-08,2011,12,8,7,Thursday
2011-12-08T07:00:00.000+01:00,MAC000027,0.208,Std,2011-12-08,2011,12,8,7,Thursday
2011-12-08T07:00:00.000+01:00,MAC000028,0.081,Std,2011-12-08,2011,12,8,7,Thursday
2011-12-08T07:00:00.000+01:00,MAC000029,0.064,Std,2011-12-08,2011,12,8,7,Thursday
2011-12-08T07:00:00.000+01:00,MAC000030,0.095,Std,2011-12-08,2011,12,8,7,Thursday
2011-12-08T07:00:00.000+01:00,MAC000032,0.029,Std,2011-12-08,2011,12,8,7,Thursday
2011-12-08T07:00:00.000+01:00,MAC000033,0.075,Std,2011-12-08,2011,12,8,7,Thursday
2011-12-08T07:00:00.000+01:00,MAC000034,0.339,Std,2011-12-08,2011,12,8,7,Thursday
2011-12-08T07:00:00.000+01:00,MAC000035,0.183,Std,2011-12-08,2011,12,8,7,Thursday
2011-12-08T07:00:00.000+01:00,MAC000036,0.0,Std,2011-12-08,2011,12,8,7,Thursday
2011-12-08T07:00:00.000+01:00,MAC000037,0.0,Std,2011-12-08,2011,12,8,7,Thursday
2011-12-08T07:30:00.000+01:00,MAC000016,0.097,Std,2011-12-08,2011,12,8,7,Thursday
2011-12-08T07:30:00.000+01:00,MAC000018,0.158,Std,2011-12-08,2011,12,8,7,Thursday
2011-12-08T07:30:00.000+01:00,MAC000019,0.089,Std,2011-12-08,2011,12,8,7,Thursday
2011-12-08T07:30:00.000+01:00,MAC000020,0.244,Std,2011-12-08,2011,12,8,7,Thursday
2011-12-08T07:30:00.000+01:00,MAC000021,1.027,Std,2011-12-08,2011,12,8,7,Thursday
2011-12-08T07:30:00.000+01:00,MAC000022,0.126,Std,2011-12-08,2011,12,8,7,Thursday
2011-12-08T07:30:00.000+01:00,MAC000023,0.15,Std,2011-12-08,2011,12,8,7,Thursday
2011-12-08T07:30:00.000+01:00,MAC000024,0.036,Std,2011-12-08,2011,12,8,7,Thursday
2011-12-08T07:30:00.000+01:00,MAC000025,0.0,Std,2011-12-08,2011,12,8,7,Thursday
2011-12-08T07:30:00.000+01:00,MAC000026,0.437,Std,2011-12-08,2011,12,8,7,Thursday
2011-12-08T07:30:00.000+01:00,MAC000027,0.421,Std,2011-12-08,2011,12,8,7,Thursday
2011-12-08T07:30:00.000+01:00,MAC000028,0.074,Std,2011-12-08,2011,12,8,7,Thursday
2011-12-08T07:30:00.000+01:00,MAC000029,0.223,Std,2011-12-08,2011,12,8,7,Thursday
2011-12-08T07:30:00.000+01:00,MAC000030,0.082,Std,2011-12-08,2011,12,8,7,Thursday
2011-12-08T07:30:00.000+01:00,MAC000032,0.01,Std,2011-12-08,2011,12,8,7,Thursday
2011-12-08T07:30:00.000+01:00,MAC000033,0.11,Std,2011-12-08,2011,12,8,7,Thursday
2011-12-08T07:30:00.000+01:00,MAC000034,0.048,Std,2011-12-08,2011,12,8,7,Thursday
2011-12-08T07:30:00.000+01:00,MAC000036,0.016,Std,2011-12-08,2011,12,8,7,Thursday
2011-12-08T07:30:00.000+01:00,MAC000035,0.189,Std,2011-12-08,2011,12,8,7,Thursday
2011-12-08T07:30:00.000+01:00,MAC000037,0.0,Std,2011-12-08,2011,12,8,7,Thursday
2011-12-08T08:00:00.000+01:00,MAC000016,0.166,Std,2011-12-08,2011,12,8,8,Thursday
2011-12-08T08:00:00.000+01:00,MAC000018,0.24,Std,2011-12-08,2011,12,8,8,Thursday
2011-12-08T08:00:00.000+01:00,MAC000019,0.067,Std,2011-12-08,2011,12,8,8,Thursday
2011-12-08T08:00:00.000+01:00,MAC000020,0.155,Std,2011-12-08,2011,12,8,8,Thursday
2011-12-08T08:00:00.000+01:00,MAC000021,0.869,Std,2011-12-08,2011,12,8,8,Thursday
2011-12-08T08:00:00.000+01:00,MAC000022,0.161,Std,2011-12-08,2011,12,8,8,Thursday
2011-12-08T08:00:00.000+01:00,MAC000023,0.524,Std,2011-12-08,2011,12,8,8,Thursday
2011-12-08T08:00:00.000+01:00,MAC000024,0.174,Std,2011-12-08,2011,12,8,8,Thursday
2011-12-08T08:00:00.000+01:00,MAC000025,0.013,Std,2011-12-08,2011,12,8,8,Thursday
2011-12-08T08:00:00.000+01:00,MAC000026,0.759,Std,2011-12-08,2011,12,8,8,Thursday
2011-12-08T08:00:00.000+01:00,MAC000027,0.281,Std,2011-12-08,2011,12,8,8,Thursday
2011-12-08T08:00:00.000+01:00,MAC000028,0.054,Std,2011-12-08,2011,12,8,8,Thursday
2011-12-08T08:00:00.000+01:00,MAC000029,0.035,Std,2011-12-08,2011,12,8,8,Thursday
2011-12-08T08:00:00.000+01:00,MAC000030,0.189,Std,2011-12-08,2011,12,8,8,Thursday
2011-12-08T08:00:00.000+01:00,MAC000032,0.035,Std,2011-12-08,2011,12,8,8,Thursday
2011-12-08T08:00:00.000+01:00,MAC000033,0.047,Std,2011-12-08,2011,12,8,8,Thursday
2011-12-08T08:00:00.000+01:00,MAC000034,0.064,Std,2011-12-08,2011,12,8,8,Thursday
2011-12-08T08:00:00.000+01:00,MAC000035,0.169,Std,2011-12-08,2011,12,8,8,Thursday
2011-12-08T08:00:00.000+01:00,MAC000036,0.236,Std,2011-12-08,2011,12,8,8,Thursday
2011-12-08T08:00:00.000+01:00,MAC000037,0.0,Std,2011-12-08,2011,12,8,8,Thursday
2011-12-08T08:30:00.000+01:00,MAC000016,0.175,Std,2011-12-08,2011,12,8,8,Thursday
2011-12-08T08:30:00.000+01:00,MAC000018,0.318,Std,2011-12-08,2011,12,8,8,Thursday
2011-12-08T08:30:00.000+01:00,MAC000019,0.071,Std,2011-12-08,2011,12,8,8,Thursday
2011-12-08T08:30:00.000+01:00,MAC000020,0.164,Std,2011-12-08,2011,12,8,8,Thursday
2011-12-08T08:30:00.000+01:00,MAC000021,0.616,Std,2011-12-08,2011,12,8,8,Thursday
2011-12-08T08:30:00.000+01:00,MAC000022,0.157,Std,2011-12-08,2011,12,8,8,Thursday
2011-12-08T08:30:00.000+01:00,MAC000023,0.504,Std,2011-12-08,2011,12,8,8,Thursday
2011-12-08T08:30:00.000+01:00,MAC000024,0.059,Std,2011-12-08,2011,12,8,8,Thursday
2011-12-08T08:30:00.000+01:00,MAC000025,0.019,Std,2011-12-08,2011,12,8,8,Thursday
2011-12-08T08:30:00.000+01:00,MAC000026,0.728,Std,2011-12-08,2011,12,8,8,Thursday
2011-12-08T08:30:00.000+01:00,MAC000027,0.459,Std,2011-12-08,2011,12,8,8,Thursday
2011-12-08T08:30:00.000+01:00,MAC000028,0.126,Std,2011-12-08,2011,12,8,8,Thursday
2011-12-08T08:30:00.000+01:00,MAC000029,0.018,Std,2011-12-08,2011,12,8,8,Thursday
2011-12-08T08:30:00.000+01:00,MAC000030,0.3,Std,2011-12-08,2011,12,8,8,Thursday
2011-12-08T08:30:00.000+01:00,MAC000032,0.426,Std,2011-12-08,2011,12,8,8,Thursday
2011-12-08T08:30:00.000+01:00,MAC000033,0.043,Std,2011-12-08,2011,12,8,8,Thursday
2011-12-08T08:30:00.000+01:00,MAC000034,0.092,Std,2011-12-08,2011,12,8,8,Thursday
2011-12-08T08:30:00.000+01:00,MAC000035,0.169,Std,2011-12-08,2011,12,8,8,Thursday
2011-12-08T08:30:00.000+01:00,MAC000036,0.196,Std,2011-12-08,2011,12,8,8,Thursday
2011-12-08T08:30:00.000+01:00,MAC000037,0.0,Std,2011-12-08,2011,12,8,8,Thursday
2011-12-08T09:00:00.000+01:00,MAC000016,0.195,Std,2011-12-08,2011,12,8,9,Thursday
2011-12-08T09:00:00.000+01:00,MAC000018,0.325,Std,2011-12-08,2011,12,8,9,Thursday
2011-12-08T09:00:00.000+01:00,MAC000019,0.665,Std,2011-12-08,2011,12,8,9,Thursday
2011-12-08T09:00:00.000+01:00,MAC000020,0.255,Std,2011-12-08,2011,12,8,9,Thursday
2011-12-08T09:00:00.000+01:00,MAC000021,0.401,Std,2011-12-08,2011,12,8,9,Thursday
2011-12-08T09:00:00.000+01:00,MAC000022,0.168,Std,2011-12-08,2011,12,8,9,Thursday
2011-12-08T09:00:00.000+01:00,MAC000023,0.467,Std,2011-12-08,2011,12,8,9,Thursday
2011-12-08T09:00:00.000+01:00,MAC000024,0.042,Std,2011-12-08,2011,12,8,9,Thursday
2011-12-08T09:00:00.000+01:00,MAC000025,0.0,Std,2011-12-08,2011,12,8,9,Thursday
2011-12-08T09:00:00.000+01:00,MAC000026,0.776,Std,2011-12-08,2011,12,8,9,Thursday
2011-12-08T09:00:00.000+01:00,MAC000027,0.193,Std,2011-12-08,2011,12,8,9,Thursday
2011-12-08T09:00:00.000+01:00,MAC000028,0.151,Std,2011-12-08,2011,12,8,9,Thursday
2011-12-08T09:00:00.000+01:00,MAC000029,0.474,Std,2011-12-08,2011,12,8,9,Thursday
2011-12-08T09:00:00.000+01:00,MAC000030,0.185,Std,2011-12-08,2011,12,8,9,Thursday
2011-12-08T09:00:00.000+01:00,MAC000032,0.059,Std,2011-12-08,2011,12,8,9,Thursday
2011-12-08T09:00:00.000+01:00,MAC000033,0.062,Std,2011-12-08,2011,12,8,9,Thursday
2011-12-08T09:00:00.000+01:00,MAC000035,0.234,Std,2011-12-08,2011,12,8,9,Thursday
2011-12-08T09:00:00.000+01:00,MAC000036,0.044,Std,2011-12-08,2011,12,8,9,Thursday
2011-12-08T09:00:00.000+01:00,MAC000034,0.05,Std,2011-12-08,2011,12,8,9,Thursday
2011-12-08T09:00:00.000+01:00,MAC000037,0.442,Std,2011-12-08,2011,12,8,9,Thursday
2011-12-08T09:00:00.000+01:00,MAC000038,0.075,Std,2011-12-08,2011,12,8,9,Thursday
2011-12-08T09:30:00.000+01:00,MAC000016,0.129,Std,2011-12-08,2011,12,8,9,Thursday
2011-12-08T09:30:00.000+01:00,MAC000018,0.274,Std,2011-12-08,2011,12,8,9,Thursday
2011-12-08T09:30:00.000+01:00,MAC000019,0.131,Std,2011-12-08,2011,12,8,9,Thursday
2011-12-08T09:30:00.000+01:00,MAC000020,0.183,Std,2011-12-08,2011,12,8,9,Thursday
2011-12-08T09:30:00.000+01:00,MAC000021,0.387,Std,2011-12-08,2011,12,8,9,Thursday
2011-12-08T09:30:00.000+01:00,MAC000022,0.296,Std,2011-12-08,2011,12,8,9,Thursday
2011-12-08T09:30:00.000+01:00,MAC000023,0.442,Std,2011-12-08,2011,12,8,9,Thursday
2011-12-08T09:30:00.000+01:00,MAC000024,0.072,Std,2011-12-08,2011,12,8,9,Thursday
2011-12-08T09:30:00.000+01:00,MAC000025,0.021,Std,2011-12-08,2011,12,8,9,Thursday
2011-12-08T09:30:00.000+01:00,MAC000026,0.795,Std,2011-12-08,2011,12,8,9,Thursday
2011-12-08T09:30:00.000+01:00,MAC000027,0.145,Std,2011-12-08,2011,12,8,9,Thursday
2011-12-08T09:30:00.000+01:00,MAC000028,0.126,Std,2011-12-08,2011,12,8,9,Thursday
2011-12-08T09:30:00.000+01:00,MAC000029,0.049,Std,2011-12-08,2011,12,8,9,Thursday
2011-12-08T09:30:00.000+01:00,MAC000030,0.681,Std,2011-12-08,2011,12,8,9,Thursday
2011-12-08T09:30:00.000+01:00,MAC000032,0.073,Std,2011-12-08,2011,12,8,9,Thursday
2011-12-08T09:30:00.000+01:00,MAC000033,0.111,Std,2011-12-08,2011,12,8,9,Thursday
2011-12-08T09:30:00.000+01:00,MAC000034,0.039,Std,2011-12-08,2011,12,8,9,Thursday
2011-12-08T09:30:00.000+01:00,MAC000035,0.676,Std,2011-12-08,2011,12,8,9,Thursday
2011-12-08T09:30:00.000+01:00,MAC000036,0.09,Std,2011-12-08,2011,12,8,9,Thursday
2011-12-08T09:30:00.000+01:00,MAC000037,0.003,Std,2011-12-08,2011,12,8,9,Thursday
2011-12-08T09:30:00.000+01:00,MAC000038,0.081,Std,2011-12-08,2011,12,8,9,Thursday
2011-12-08T10:00:00.000+01:00,MAC000016,0.159,Std,2011-12-08,2011,12,8,10,Thursday
2011-12-08T10:00:00.000+01:00,MAC000018,0.43,Std,2011-12-08,2011,12,8,10,Thursday
2011-12-08T10:00:00.000+01:00,MAC000019,0.156,Std,2011-12-08,2011,12,8,10,Thursday
2011-12-08T10:00:00.000+01:00,MAC000020,0.312,Std,2011-12-08,2011,12,8,10,Thursday
2011-12-08T10:00:00.000+01:00,MAC000021,0.369,Std,2011-12-08,2011,12,8,10,Thursday
2011-12-08T10:00:00.000+01:00,MAC000022,0.229,Std,2011-12-08,2011,12,8,10,Thursday
2011-12-08T10:00:00.000+01:00,MAC000023,0.165,Std,2011-12-08,2011,12,8,10,Thursday
2011-12-08T10:00:00.000+01:00,MAC000024,0.039,Std,2011-12-08,2011,12,8,10,Thursday
2011-12-08T10:00:00.000+01:00,MAC000025,0.643,Std,2011-12-08,2011,12,8,10,Thursday
2011-12-08T10:00:00.000+01:00,MAC000026,0.513,Std,2011-12-08,2011,12,8,10,Thursday
2011-12-08T10:00:00.000+01:00,MAC000027,0.166,Std,2011-12-08,2011,12,8,10,Thursday
2011-12-08T10:00:00.000+01:00,MAC000028,0.099,Std,2011-12-08,2011,12,8,10,Thursday
2011-12-08T10:00:00.000+01:00,MAC000029,0.062,Std,2011-12-08,2011,12,8,10,Thursday
2011-12-08T10:00:00.000+01:00,MAC000030,0.173,Std,2011-12-08,2011,12,8,10,Thursday
2011-12-08T10:00:00.000+01:00,MAC000032,0.027,Std,2011-12-08,2011,12,8,10,Thursday
2011-12-08T10:00:00.000+01:00,MAC000033,0.188,Std,2011-12-08,2011,12,8,10,Thursday
2011-12-08T10:00:00.000+01:00,MAC000034,0.062,Std,2011-12-08,2011,12,8,10,Thursday
2011-12-08T10:00:00.000+01:00,MAC000035,0.641,Std,2011-12-08,2011,12,8,10,Thursday
2011-12-08T10:00:00.000+01:00,MAC000036,0.035,Std,2011-12-08,2011,12,8,10,Thursday
2011-12-08T10:00:00.000+01:00,MAC000037,0.0,Std,2011-12-08,2011,12,8,10,Thursday
2011-12-08T10:00:00.000+01:00,MAC000038,0.066,Std,2011-12-08,2011,12,8,10,Thursday
2011-12-08T10:00:00.000+01:00,MAC000039,0.33,Std,2011-12-08,2011,12,8,10,Thursday
2011-12-08T10:30:00.000+01:00,MAC000016,0.18,Std,2011-12-08,2011,12,8,10,Thursday
2011-12-08T10:30:00.000+01:00,MAC000018,0.407,Std,2011-12-08,2011,12,8,10,Thursday
2011-12-08T10:30:00.000+01:00,MAC000019,0.142,Std,2011-12-08,2011,12,8,10,Thursday
2011-12-08T10:30:00.000+01:00,MAC000020,0.166,Std,2011-12-08,2011,12,8,10,Thursday
2011-12-08T10:30:00.000+01:00,MAC000021,0.458,Std,2011-12-08,2011,12,8,10,Thursday
2011-12-08T10:30:00.000+01:00,MAC000022,0.258,Std,2011-12-08,2011,12,8,10,Thursday
2011-12-08T10:30:00.000+01:00,MAC000023,0.122,Std,2011-12-08,2011,12,8,10,Thursday
2011-12-08T10:30:00.000+01:00,MAC000024,0.179,Std,2011-12-08,2011,12,8,10,Thursday
2011-12-08T10:30:00.000+01:00,MAC000025,0.069,Std,2011-12-08,2011,12,8,10,Thursday
2011-12-08T10:30:00.000+01:00,MAC000026,0.316,Std,2011-12-08,2011,12,8,10,Thursday
2011-12-08T10:30:00.000+01:00,MAC000027,0.159,Std,2011-12-08,2011,12,8,10,Thursday
2011-12-08T10:30:00.000+01:00,MAC000028,0.083,Std,2011-12-08,2011,12,8,10,Thursday
2011-12-08T10:30:00.000+01:00,MAC000029,0.059,Std,2011-12-08,2011,12,8,10,Thursday
2011-12-08T10:30:00.000+01:00,MAC000030,0.046,Std,2011-12-08,2011,12,8,10,Thursday
2011-12-08T10:30:00.000+01:00,MAC000032,0.056,Std,2011-12-08,2011,12,8,10,Thursday
2011-12-08T10:30:00.000+01:00,MAC000033,0.124,Std,2011-12-08,2011,12,8,10,Thursday
2011-12-08T10:30:00.000+01:00,MAC000035,0.646,Std,2011-12-08,2011,12,8,10,Thursday
2011-12-08T10:30:00.000+01:00,MAC000034,0.116,Std,2011-12-08,2011,12,8,10,Thursday
2011-12-08T10:30:00.000+01:00,MAC000036,0.001,Std,2011-12-08,2011,12,8,10,Thursday
2011-12-08T10:30:00.000+01:00,MAC000037,0.0,Std,2011-12-08,2011,12,8,10,Thursday
2011-12-08T10:30:00.000+01:00,MAC000038,0.078,Std,2011-12-08,2011,12,8,10,Thursday
2011-12-08T10:30:00.000+01:00,MAC000039,0.609,Std,2011-12-08,2011,12,8,10,Thursday
2011-12-08T11:00:00.000+01:00,MAC000016,0.131,Std,2011-12-08,2011,12,8,11,Thursday
2011-12-08T11:00:00.000+01:00,MAC000018,0.501,Std,2011-12-08,2011,12,8,11,Thursday
2011-12-08T11:00:00.000+01:00,MAC000019,0.161,Std,2011-12-08,2011,12,8,11,Thursday
2011-12-08T11:00:00.000+01:00,MAC000020,0.139,Std,2011-12-08,2011,12,8,11,Thursday
2011-12-08T11:00:00.000+01:00,MAC000021,0.362,Std,2011-12-08,2011,12,8,11,Thursday
2011-12-08T11:00:00.000+01:00,MAC000022,0.143,Std,2011-12-08,2011,12,8,11,Thursday
2011-12-08T11:00:00.000+01:00,MAC000023,0.102,Std,2011-12-08,2011,12,8,11,Thursday
2011-12-08T11:00:00.000+01:00,MAC000024,0.074,Std,2011-12-08,2011,12,8,11,Thursday
2011-12-08T11:00:00.000+01:00,MAC000025,0.213,Std,2011-12-08,2011,12,8,11,Thursday
2011-12-08T11:00:00.000+01:00,MAC000026,0.236,Std,2011-12-08,2011,12,8,11,Thursday
2011-12-08T11:00:00.000+01:00,MAC000027,0.16,Std,2011-12-08,2011,12,8,11,Thursday
2011-12-08T11:00:00.000+01:00,MAC000028,0.089,Std,2011-12-08,2011,12,8,11,Thursday
2011-12-08T11:00:00.000+01:00,MAC000029,0.059,Std,2011-12-08,2011,12,8,11,Thursday
2011-12-08T11:00:00.000+01:00,MAC000030,0.093,Std,2011-12-08,2011,12,8,11,Thursday
2011-12-08T11:00:00.000+01:00,MAC000032,0.743,Std,2011-12-08,2011,12,8,11,Thursday
2011-12-08T11:00:00.000+01:00,MAC000033,0.147,Std,2011-12-08,2011,12,8,11,Thursday
2011-12-08T11:00:00.000+01:00,MAC000034,0.158,Std,2011-12-08,2011,12,8,11,Thursday
2011-12-08T11:00:00.000+01:00,MAC000035,0.413,Std,2011-12-08,2011,12,8,11,Thursday
2011-12-08T11:00:00.000+01:00,MAC000036,0.035,Std,2011-12-08,2011,12,8,11,Thursday
2011-12-08T11:00:00.000+01:00,MAC000037,0.0,Std,2011-12-08,2011,12,8,11,Thursday
2011-12-08T11:00:00.000+01:00,MAC000038,0.091,Std,2011-12-08,2011,12,8,11,Thursday
2011-12-08T11:00:00.000+01:00,MAC000039,0.178,Std,2011-12-08,2011,12,8,11,Thursday
2011-12-08T11:30:00.000+01:00,MAC000016,0.179,Std,2011-12-08,2011,12,8,11,Thursday
2011-12-08T11:30:00.000+01:00,MAC000018,0.482,Std,2011-12-08,2011,12,8,11,Thursday
